evgirls.th,‡∏£‡∏µ‡∏ß‡∏¥‡∏ß‡∏£‡∏ñ‡πÑ‡∏ü‡∏ü‡πâ‡∏≤ EV ‡∏â‡∏ö‡∏±‡∏ö‡πÄ‡∏Ç‡πâ‡∏≤‡πÉ‡∏à‡∏á‡πà‡∏≤‡∏¢‡πÜ,False,‡∏ã‡πà‡∏≠‡∏ô‡πÄ‡∏ô‡∏µ‡∏¢‡∏ô‡∏°‡∏≤‡∏Åüòç #‡∏£‡∏µ‡∏ß‡∏¥‡∏ß #evcar #evgirls #‡∏£‡∏ñ‡∏¢‡∏ô‡∏ï‡πå‡πÑ‡∏ü‡∏ü‡πâ‡∏≤ #bmw #i5 #bmwi5 ,1697862417,False,0,True,False,7292263544291118342,0,EV Girls,https://p16-sign-va.tiktokcdn.com/tos-maliva-avt-0068/45df6b464c24e66581a7ef35cb12334d~c5_1080x1080.jpeg?x-expires=1698066000&x-signature=HUx8eY75CgvSqK5ywuoykzHvLIk%3D,38,7292263577226185478,False,https://v16-webapp-prime.tiktok.com/video/tos/useast2a/tos-useast2a-v-27dcd7/ooHZLUNMYzTSFyJuiiGvTMIkwnUvaMlB4AC1Q/?a=1988&ch=0&cr=0&dr=0&er=0&lr=default&cd=0%7C0%7C0%7C0&br=250&bt=125&bti=ODszNWYuMDE6&ft=t2PAl-Inz7T-QapZiyq8Z&mime_type=audio_mpeg&qs=6&rc=PDRpNzxpNmQ2aDg3aGhkNUBpanJ2ZWo5cjpvbjMzNzU8M0A1YzE2Ll8vX2MxYC9jYWFeYSNubXBrMmRrM21gLS1kMTZzcw%3D%3D&btag=e00088000&expire=1697898389&l=20231021132550CCB7897DC080536F203F&ply_type=3&policy=3&signature=56c48902015917258cb2bd23d370185d&tk=0,‡πÄ‡∏™‡∏µ‡∏¢‡∏á‡∏ï‡πâ‡∏ô‡∏â‡∏ö‡∏±‡∏ö - EV Girls,"['‡∏£‡∏µ‡∏ß‡∏¥‡∏ß', 'evcar', 'evgirls', '‡∏£‡∏ñ‡∏¢‡∏ô‡∏ï‡πå‡πÑ‡∏ü‡∏ü‡πâ‡∏≤', 'bmw', 'i5', 'bmwi5']"
evgirls.th,‡∏£‡∏µ‡∏ß‡∏¥‡∏ß‡∏£‡∏ñ‡πÑ‡∏ü‡∏ü‡πâ‡∏≤ EV ‡∏â‡∏ö‡∏±‡∏ö‡πÄ‡∏Ç‡πâ‡∏≤‡πÉ‡∏à‡∏á‡πà‡∏≤‡∏¢‡πÜ,False,‡∏û‡∏£‡πâ‡∏≠‡∏°‡πÅ‡∏ô‡∏ö‡πÅ‡∏Ñ‡∏õ‡∏ä‡∏±‡πà‡∏ô : ‡∏£‡∏π‡∏õ‡∏ô‡∏µ‡πâ‡∏ñ‡πà‡∏≤‡∏¢‡πÇ‡∏î‡∏¢‡∏£‡∏ñ BMW i5 ‚úåÔ∏èüòô üì∏ #evgirls #evcar #ev #‡∏£‡∏µ‡∏ß‡∏¥‡∏ß #‡∏£‡∏ñ‡∏¢‡∏ô‡∏ï‡πå‡πÑ‡∏ü‡∏ü‡πâ‡∏≤ #‡∏£‡∏ñev #bmw #bmwi5 #i5 ,1697804817,False,0,True,False,7292016153352883462,0,EV Girls,https://p16-sign-va.tiktokcdn.com/tos-maliva-avt-0068/45df6b464c24e66581a7ef35cb12334d~c5_1080x1080.jpeg?x-expires=1698066000&x-signature=HUx8eY75CgvSqK5ywuoykzHvLIk%3D,26,7292016218842729222,False,https://v16-webapp-prime.tiktok.com/video/tos/useast2a/tos-useast2a-v-27dcd7/oUIKJGq1lTAiP7ccyCSMNycMBZMqIRUQiG0iS/?a=1988&ch=0&cr=0&dr=0&er=0&lr=default&cd=0%7C0%7C0%7C0&br=250&bt=125&bti=ODszNWYuMDE6&ft=t2PAl-Inz7T-QapZiyq8Z&mime_type=audio_mpeg&qs=6&rc=M2hkZGc3ZTQ0ODg0O2U7ZkBpamRuNnU5cjs6bjMzNzU8M0BgNmItNi5jNjAxLzViXzY0YSNuYC5pMmQ0MW1gLS1kMTZzcw%3D%3D&btag=e00088000&expire=1697898377&l=20231021132550CCB7897DC080536F203F&ply_type=3&policy=3&signature=fc5812db4c8eecbbddefe7ca6d1f4de7&tk=0,‡πÄ‡∏™‡∏µ‡∏¢‡∏á‡∏ï‡πâ‡∏ô‡∏â‡∏ö‡∏±‡∏ö - EV Girls,"['evgirls', 'evcar', 'ev', '‡∏£‡∏µ‡∏ß‡∏¥‡∏ß', '‡∏£‡∏ñ‡∏¢‡∏ô‡∏ï‡πå‡πÑ‡∏ü‡∏ü‡πâ‡∏≤', '‡∏£‡∏ñev', 'bmw', 'bmwi5', 'i5']"
evgirls.th,‡∏£‡∏µ‡∏ß‡∏¥‡∏ß‡∏£‡∏ñ‡πÑ‡∏ü‡∏ü‡πâ‡∏≤ EV ‡∏â‡∏ö‡∏±‡∏ö‡πÄ‡∏Ç‡πâ‡∏≤‡πÉ‡∏à‡∏á‡πà‡∏≤‡∏¢‡πÜ,False,‡∏ï‡πà‡∏≠‡πÑ‡∏õ‡∏ô‡∏µ‡πâ‡∏≠‡∏¢‡∏≤‡∏Å‡∏ä‡∏≤‡∏£‡πå‡∏à‡∏ï‡πà‡∏≠‡πÄ‡∏ô‡∏∑‡πà‡∏≠‡∏á ‡∏Å‡πá‡πÑ‡∏°‡πà‡∏ï‡πâ‡∏≠‡∏á‡∏•‡∏á‡∏°‡∏≤‡∏î‡∏∂‡∏á‡∏™‡∏≤‡∏¢‡πÄ‡∏™‡∏µ‡∏¢‡∏ö‡πÉ‡∏´‡∏°‡πà‡πÅ‡∏•‡πâ‡∏ß ‡πÅ‡∏ñ‡∏°‡∏¢‡∏±‡∏á‡∏à‡∏≠‡∏á‡πÑ‡∏î‡πâ‡∏™‡∏π‡∏á‡∏™‡∏∏‡∏î 10 ‡∏ä‡πà‡∏ß‡∏á‡πÄ‡∏ß‡∏•‡∏≤/‡∏ß‡∏±‡∏ô ‡πÄ‡∏û‡∏∑‡πà‡∏≠‡∏£‡∏≠‡∏á‡∏£‡∏±‡∏ö‡∏Å‡∏≤‡∏£‡πÄ‡∏î‡∏¥‡∏ô‡∏ó‡∏≤‡∏á‡πÑ‡∏Å‡∏•‡∏≠‡∏µ‡∏Å‡∏î‡πâ‡∏ß‡∏¢ üöòüôå #evgirls #evcar #ev #evstationpluz #‡∏£‡∏µ‡∏ß‡∏¥‡∏ß #‡∏£‡∏ñ‡∏¢‡∏ô‡∏ï‡πå‡πÑ‡∏ü‡∏ü‡πâ‡∏≤ #‡∏£‡∏ñev ,1697714807,False,0,True,False,7291629562251840774,0,EV Girls,https://p16-sign-va.tiktokcdn.com/tos-maliva-avt-0068/45df6b464c24e66581a7ef35cb12334d~c5_1080x1080.jpeg?x-expires=1698066000&x-signature=HUx8eY75CgvSqK5ywuoykzHvLIk%3D,47,7291629661871065861,False,https://v16-webapp-prime.tiktok.com/video/tos/useast2a/tos-useast2a-v-27dcd7/osUEBioxI1yL61KpMAxaQkiiZmRSEgfI8IBNlH/?a=1988&ch=0&cr=0&dr=0&er=0&lr=default&cd=0%7C0%7C0%7C0&br=250&bt=125&bti=ODszNWYuMDE6&ft=t2PAl-Inz7T-QapZiyq8Z&mime_type=audio_mpeg&qs=6&rc=OTpnaTtnOzo6Mzc1ZTVnN0Bpamo6cHY5cjZrbjMzNzU8M0A2YzIvYDViNTUxLTM2YTFjYSM1aGJuMmRzMmxgLS1kMTZzcw%3D%3D&btag=e00088000&expire=1697898398&l=20231021132550CCB7897DC080536F203F&ply_type=3&policy=3&signature=5103ef59695bb9b80e021089c1bcb9a4&tk=0,‡πÄ‡∏™‡∏µ‡∏¢‡∏á‡∏ï‡πâ‡∏ô‡∏â‡∏ö‡∏±‡∏ö - EV Girls,"['evgirls', 'evcar', 'ev', 'evstationpluz', '‡∏£‡∏µ‡∏ß‡∏¥‡∏ß', '‡∏£‡∏ñ‡∏¢‡∏ô‡∏ï‡πå‡πÑ‡∏ü‡∏ü‡πâ‡∏≤', '‡∏£‡∏ñev']"
evgirls.th,‡∏£‡∏µ‡∏ß‡∏¥‡∏ß‡∏£‡∏ñ‡πÑ‡∏ü‡∏ü‡πâ‡∏≤ EV ‡∏â‡∏ö‡∏±‡∏ö‡πÄ‡∏Ç‡πâ‡∏≤‡πÉ‡∏à‡∏á‡πà‡∏≤‡∏¢‡πÜ,False,‡πÄ‡∏≠‡∏≤‡∏ö‡∏£‡∏£‡∏¢‡∏≤‡∏Å‡∏≤‡∏®‡∏ô‡πâ‡∏≠‡∏á‡πÇ‡∏•‡∏°‡∏≤‡∏ï‡∏≠‡∏ô‡∏ï‡∏≤‡∏Å‡∏ù‡∏ô‡∏°‡∏≤‡∏ù‡∏≤‡∏Å‡∏Ñ‡πà‡∏∞ üöòüê¨üåßÔ∏è #evgirls #evcar #‡∏£‡∏µ‡∏ß‡∏¥‡∏ß #‡∏£‡∏ñ‡∏¢‡∏ô‡∏ï‡πå‡πÑ‡∏ü‡∏ü‡πâ‡∏≤ #‡∏£‡∏ñev #byd #byddolphin ,1697461378,False,0,True,False,7290541094775950598,0,EV Girls,https://p16-sign-va.tiktokcdn.com/tos-maliva-avt-0068/45df6b464c24e66581a7ef35cb12334d~c5_1080x1080.jpeg?x-expires=1698066000&x-signature=HUx8eY75CgvSqK5ywuoykzHvLIk%3D,16,7290541144354622213,False,https://v16-webapp-prime.tiktok.com/video/tos/useast2a/tos-useast2a-v-27dcd7/oIjzgs8fJIJMehm0BPnCwSL3JRlQ0ByUxTDhbO/?a=1988&ch=0&cr=0&dr=0&er=0&lr=default&cd=0%7C0%7C0%7C0&br=250&bt=125&bti=ODszNWYuMDE6&ft=t2PAl-Inz7T-QapZiyq8Z&mime_type=audio_mpeg&qs=6&rc=Z2Y2Njc6ZDpnNGVmOWRoOUBpanI0N2c6ZjZtbjMzNzU8M0AvXmFjYjYxNjAxMjIxMDE0YSNhbWVucjQwNmpgLS1kMTZzcw%3D%3D&btag=e00088000&expire=1697898367&l=20231021132550CCB7897DC080536F203F&ply_type=3&policy=3&signature=746a5be86f8083f311143e799eafd086&tk=0,‡πÄ‡∏™‡∏µ‡∏¢‡∏á‡∏ï‡πâ‡∏ô‡∏â‡∏ö‡∏±‡∏ö - EV Girls,"['evgirls', 'evcar', '‡∏£‡∏µ‡∏ß‡∏¥‡∏ß', '‡∏£‡∏ñ‡∏¢‡∏ô‡∏ï‡πå‡πÑ‡∏ü‡∏ü‡πâ‡∏≤', '‡∏£‡∏ñev', 'byd', 'byddolphin']"
evgirls.th,‡∏£‡∏µ‡∏ß‡∏¥‡∏ß‡∏£‡∏ñ‡πÑ‡∏ü‡∏ü‡πâ‡∏≤ EV ‡∏â‡∏ö‡∏±‡∏ö‡πÄ‡∏Ç‡πâ‡∏≤‡πÉ‡∏à‡∏á‡πà‡∏≤‡∏¢‡πÜ,False,‡πÄ‡∏ö‡∏≤‡∏∞‡∏´‡∏•‡∏±‡∏á BYD Dolphin ‡∏û‡∏∑‡πâ‡∏ô‡∏ó‡∏µ‡πà‡∏Å‡∏ß‡πâ‡∏≤‡∏á‡∏à‡∏£‡∏¥‡∏á! üòç‚ú® #‡∏£‡∏µ‡∏ß‡∏¥‡∏ß #dolphin #byd #evcar #evgirls #‡∏£‡∏ñ‡∏¢‡∏ô‡∏ï‡πå‡πÑ‡∏ü‡∏ü‡πâ‡∏≤ ,1697293389,False,0,True,False,7289819592489209093,0,EV Girls,https://p16-sign-va.tiktokcdn.com/tos-maliva-avt-0068/45df6b464c24e66581a7ef35cb12334d~c5_1080x1080.jpeg?x-expires=1698066000&x-signature=HUx8eY75CgvSqK5ywuoykzHvLIk%3D,24,7289819591917472517,False,https://v16-webapp-prime.tiktok.com/video/tos/useast2a/tos-useast2a-v-27dcd7/oUAhBpslgfc60KVFIyhzBFtqM0IioI2QgkqnrE/?a=1988&ch=0&cr=0&dr=0&er=0&lr=default&cd=0%7C0%7C0%7C0&br=250&bt=125&bti=ODszNWYuMDE6&ft=t2PAl-Inz7T-QapZiyq8Z&mime_type=audio_mpeg&qs=6&rc=NGloNjxkNzRoNmRkOWQ5ZkBpM2Z0NzQ6Zm1kbjMzNzU8M0BgMzEzMjNfNl4xNWNjLjEyYSNpazNucjRvNWlgLS1kMTZzcw%3D%3D&btag=e00088000&expire=1697898375&l=20231021132550CCB7897DC080536F203F&ply_type=3&policy=3&signature=1755c175a9f209a46473d1667bf4280a&tk=0,‡πÄ‡∏™‡∏µ‡∏¢‡∏á‡∏ï‡πâ‡∏ô‡∏â‡∏ö‡∏±‡∏ö - EV Girls,"['‡∏£‡∏µ‡∏ß‡∏¥‡∏ß', 'dolphin', 'byd', 'evcar', 'evgirls', '‡∏£‡∏ñ‡∏¢‡∏ô‡∏ï‡πå‡πÑ‡∏ü‡∏ü‡πâ‡∏≤']"
evgirls.th,‡∏£‡∏µ‡∏ß‡∏¥‡∏ß‡∏£‡∏ñ‡πÑ‡∏ü‡∏ü‡πâ‡∏≤ EV ‡∏â‡∏ö‡∏±‡∏ö‡πÄ‡∏Ç‡πâ‡∏≤‡πÉ‡∏à‡∏á‡πà‡∏≤‡∏¢‡πÜ,False,‡∏ú‡πâ‡∏≤‡πÄ‡∏ö‡∏£‡∏Å‡∏£‡∏ñ‡∏ò‡∏£‡∏£‡∏°‡∏î‡∏≤‡πÉ‡∏ä‡πâ‡∏Å‡∏±‡∏ö‡∏£‡∏ñ EV ‡πÑ‡∏î‡πâ‡∏°‡∏±‡πä‡∏¢?  ‡πÉ‡∏Ñ‡∏£‡πÉ‡∏Å‡∏•‡πâ‡∏ñ‡∏∂‡∏á‡∏£‡∏≠‡∏ö‡πÄ‡∏õ‡∏•‡∏µ‡πà‡∏¢‡∏ô‡∏ú‡πâ‡∏≤‡πÄ‡∏ö‡∏£‡∏Å‡∏Å‡πá‡∏•‡∏≠‡∏á‡∏î‡∏π‡πÑ‡∏î‡πâ‡∏ô‡πâ‡∏≤‡∏≤üòç‚ú®  #‡∏£‡∏ñ‡∏¢‡∏ô‡∏ï‡πå‡πÑ‡∏ü‡∏ü‡πâ‡∏≤ #‡∏£‡∏µ‡∏ß‡∏¥‡∏ß #evcar #evgirls #CompactBrakes #CompactEVOne #NextIsNow #‡πÄ‡∏ó‡∏Ñ‡πÇ‡∏ô‡πÇ‡∏•‡∏¢‡∏µ‡πÄ‡∏ö‡∏£‡∏Å‡πÅ‡∏´‡πà‡∏á‡∏≠‡∏ô‡∏≤‡∏Ñ‡∏ï ,1697022264,False,0,True,False,7288655109003791622,0,EV Girls,https://p16-sign-va.tiktokcdn.com/tos-maliva-avt-0068/45df6b464c24e66581a7ef35cb12334d~c5_1080x1080.jpeg?x-expires=1698066000&x-signature=HUx8eY75CgvSqK5ywuoykzHvLIk%3D,49,7288655176869251846,False,https://v16-webapp-prime.tiktok.com/video/tos/useast2a/tos-useast2a-v-27dcd7/oMMFOYJnlBgfKjl8DGeoTCQlUB1mbJwQyJYUMH/?a=1988&ch=0&cr=0&dr=0&er=0&lr=default&cd=0%7C0%7C0%7C0&br=250&bt=125&bti=ODszNWYuMDE6&ft=t2PAl-Inz7T-QapZiyq8Z&mime_type=audio_mpeg&qs=6&rc=OmY0MzRnM2RlPDo0OmczNEBpMzhlaGk6Zms7bjMzNzU8M0BfLWAyYjQxXy0xMDZfMTRhYSMwMl9tcjRvL2dgLS1kMTZzcw%3D%3D&btag=e00088000&expire=1697898400&l=20231021132550CCB7897DC080536F203F&ply_type=3&policy=3&signature=56676e8241958f78b5a61907670c4196&tk=0,‡πÄ‡∏™‡∏µ‡∏¢‡∏á‡∏ï‡πâ‡∏ô‡∏â‡∏ö‡∏±‡∏ö - EV Girls,"['‡∏£‡∏ñ‡∏¢‡∏ô‡∏ï‡πå‡πÑ‡∏ü‡∏ü‡πâ‡∏≤', '‡∏£‡∏µ‡∏ß‡∏¥‡∏ß', 'evcar', 'evgirls', 'compactbrakes', 'compactevone', 'nextisnow', '‡πÄ‡∏ó‡∏Ñ‡πÇ‡∏ô‡πÇ‡∏•‡∏¢‡∏µ‡πÄ‡∏ö‡∏£‡∏Å‡πÅ‡∏´‡πà‡∏á‡∏≠‡∏ô‡∏≤‡∏Ñ‡∏ï']"
evgirls.th,‡∏£‡∏µ‡∏ß‡∏¥‡∏ß‡∏£‡∏ñ‡πÑ‡∏ü‡∏ü‡πâ‡∏≤ EV ‡∏â‡∏ö‡∏±‡∏ö‡πÄ‡∏Ç‡πâ‡∏≤‡πÉ‡∏à‡∏á‡πà‡∏≤‡∏¢‡πÜ,False,‡∏´‡∏£‡∏π‡∏´‡∏£‡∏≤ ‡∏≠‡∏•‡∏±‡∏á‡∏™‡∏∏‡∏î‡πÉ‡∏ô‡πÑ‡∏ó‡∏¢‡∏ï‡∏≠‡∏ô‡∏ô‡∏µ‡πâ‡πÅ‡∏•‡πâ‡∏ß! üòç‚ú® #‡∏£‡∏µ‡∏ß‡∏¥‡∏ß #‡∏£‡∏ñ‡∏¢‡∏ô‡∏ï‡πå‡πÑ‡∏ü‡∏ü‡πâ‡∏≤ #evcar #evgirls #rollsroyce #rollroycespectre ,1696941965,False,0,True,False,7288310231258483973,0,EV Girls,https://p16-sign-va.tiktokcdn.com/tos-maliva-avt-0068/45df6b464c24e66581a7ef35cb12334d~c5_1080x1080.jpeg?x-expires=1698066000&x-signature=HUx8eY75CgvSqK5ywuoykzHvLIk%3D,33,7288310286202915590,False,https://v16-webapp-prime.tiktok.com/video/tos/useast2a/tos-useast2a-v-27dcd7/ogNMEC5EqyGIIohsRstfCKYzAtTpkMElPBkBIg/?a=1988&ch=0&cr=0&dr=0&er=0&lr=default&cd=0%7C0%7C0%7C0&br=250&bt=125&bti=ODszNWYuMDE6&ft=t2PAl-Inz7T-QapZiyq8Z&mime_type=audio_mpeg&qs=6&rc=Zjk3O2g2NTRkZjo7OzM7OUBpajVsNDQ6ZjlubjMzNzU8M0BjYjYtYTE2X2IxNjBiYjUxYSNobmkucjQwY2ZgLS1kMTZzcw%3D%3D&btag=e00088000&expire=1697898384&l=20231021132550CCB7897DC080536F203F&ply_type=3&policy=3&signature=6454a52b8d81f90f501a4746e1b2f415&tk=0,‡πÄ‡∏™‡∏µ‡∏¢‡∏á‡∏ï‡πâ‡∏ô‡∏â‡∏ö‡∏±‡∏ö - EV Girls,"['‡∏£‡∏µ‡∏ß‡∏¥‡∏ß', '‡∏£‡∏ñ‡∏¢‡∏ô‡∏ï‡πå‡πÑ‡∏ü‡∏ü‡πâ‡∏≤', 'evcar', 'evgirls', 'rollsroyce', 'rollroycespectre']"
evgirls.th,‡∏£‡∏µ‡∏ß‡∏¥‡∏ß‡∏£‡∏ñ‡πÑ‡∏ü‡∏ü‡πâ‡∏≤ EV ‡∏â‡∏ö‡∏±‡∏ö‡πÄ‡∏Ç‡πâ‡∏≤‡πÉ‡∏à‡∏á‡πà‡∏≤‡∏¢‡πÜ,False,‡πÉ‡∏™‡πà‡πÉ‡∏à‡∏£‡∏≤‡∏¢‡∏•‡∏∞‡πÄ‡∏≠‡∏µ‡∏¢‡∏î‡πÄ‡∏•‡πá‡∏Å‡πÜ‡∏à‡∏£‡∏¥‡∏áüòç‚ú®  #‡∏£‡∏µ‡∏ß‡∏¥‡∏ß #evcar #evgirls #‡∏£‡∏ñ‡∏¢‡∏ô‡∏ï‡πå‡πÑ‡∏ü‡∏ü‡πâ‡∏≤ #rollsroyce #rollsroycespectre ,1696854829,False,0,True,False,7287935981934710021,0,EV Girls,https://p16-sign-va.tiktokcdn.com/tos-maliva-avt-0068/45df6b464c24e66581a7ef35cb12334d~c5_1080x1080.jpeg?x-expires=1698066000&x-signature=HUx8eY75CgvSqK5ywuoykzHvLIk%3D,19,7287935993154374405,False,https://v16-webapp-prime.tiktok.com/video/tos/useast2a/tos-useast2a-v-27dcd7/osBMQSDnDwbCqpPJ5KfHoieYmq8LdTERQvCf0g/?a=1988&ch=0&cr=0&dr=0&er=0&lr=default&cd=0%7C0%7C0%7C0&br=250&bt=125&bti=ODszNWYuMDE6&ft=t2PAl-Inz7T-QapZiyq8Z&mime_type=audio_mpeg&qs=6&rc=ZWllPGg6OjVoOjM3aDM2NkBpajtqNGQ6ZmV5bjMzNzU8M0BhMGMvM14xNS0xLl4uNC8yYSNraW5icjRvM2VgLS1kMTZzcw%3D%3D&btag=e00088000&expire=1697898370&l=20231021132550CCB7897DC080536F203F&ply_type=3&policy=3&signature=43585dc309f44095c697698129789a72&tk=0,‡πÄ‡∏™‡∏µ‡∏¢‡∏á‡∏ï‡πâ‡∏ô‡∏â‡∏ö‡∏±‡∏ö - EV Girls,"['‡∏£‡∏µ‡∏ß‡∏¥‡∏ß', 'evcar', 'evgirls', '‡∏£‡∏ñ‡∏¢‡∏ô‡∏ï‡πå‡πÑ‡∏ü‡∏ü‡πâ‡∏≤', 'rollsroyce', 'rollsroycespectre']"
evgirls.th,‡∏£‡∏µ‡∏ß‡∏¥‡∏ß‡∏£‡∏ñ‡πÑ‡∏ü‡∏ü‡πâ‡∏≤ EV ‡∏â‡∏ö‡∏±‡∏ö‡πÄ‡∏Ç‡πâ‡∏≤‡πÉ‡∏à‡∏á‡πà‡∏≤‡∏¢‡πÜ,False,‡∏ï‡∏≤‡∏°‡πÑ‡∏õ‡∏î‡∏π‡∏Ñ‡∏•‡∏¥‡∏õ BYD Seal ‡πÄ‡∏ï‡πá‡∏°‡πÜ‡∏Å‡∏±‡∏ô‡πÑ‡∏î‡πâ‡∏ô‡πâ‡∏≤ ü¶≠‚ú® #‡∏£‡∏µ‡∏ß‡∏¥‡∏ß #byd #bydseal #‡∏£‡∏ñ‡∏¢‡∏ô‡∏ï‡πå‡πÑ‡∏ü‡∏ü‡πâ‡∏≤ #evcar #evgirls ,1696770183,False,0,True,False,7287572431928102149,0,EV Girls,https://p16-sign-va.tiktokcdn.com/tos-maliva-avt-0068/45df6b464c24e66581a7ef35cb12334d~c5_1080x1080.jpeg?x-expires=1698066000&x-signature=HUx8eY75CgvSqK5ywuoykzHvLIk%3D,56,7287572469879474950,False,https://v16-webapp-prime.tiktok.com/video/tos/useast2a/tos-useast2a-v-27dcd7/os4IkMqToBR2gOGtEfNVVyzANwkuPhK7JcOHNi/?a=1988&ch=0&cr=0&dr=0&er=0&lr=default&cd=0%7C0%7C0%7C0&br=250&bt=125&bti=ODszNWYuMDE6&ft=t2PAl-Inz7T-QapZiyq8Z&mime_type=audio_mpeg&qs=6&rc=OTY0NWk1N2Q0NWhoZ2Q5ZEBpamd1ODk6ZjZkbjMzNzU8M0AuYzBeM18uXi4xLjBgNDY1YSM0azY0cjRnZWVgLS1kMTZzcw%3D%3D&btag=e00088000&expire=1697898407&l=20231021132550CCB7897DC080536F203F&ply_type=3&policy=3&signature=bbefebc3b74f48890dda12ecdda46702&tk=0,‡πÄ‡∏™‡∏µ‡∏¢‡∏á‡∏ï‡πâ‡∏ô‡∏â‡∏ö‡∏±‡∏ö - EV Girls,"['‡∏£‡∏µ‡∏ß‡∏¥‡∏ß', 'byd', 'bydseal', '‡∏£‡∏ñ‡∏¢‡∏ô‡∏ï‡πå‡πÑ‡∏ü‡∏ü‡πâ‡∏≤', 'evcar', 'evgirls']"
evgirls.th,‡∏£‡∏µ‡∏ß‡∏¥‡∏ß‡∏£‡∏ñ‡πÑ‡∏ü‡∏ü‡πâ‡∏≤ EV ‡∏â‡∏ö‡∏±‡∏ö‡πÄ‡∏Ç‡πâ‡∏≤‡πÉ‡∏à‡∏á‡πà‡∏≤‡∏¢‡πÜ,False,BMW ‡πÄ‡∏Ñ‡πâ‡∏≤‡∏à‡∏≠‡∏á Service ‡∏ú‡πà‡∏≤‡∏ô‡πÅ‡∏≠‡∏õ‡πÑ‡∏î‡πâ‡πÅ‡∏•‡πâ‡∏ß‡∏™‡∏∞‡∏î‡∏ß‡∏Å‡∏°‡∏≤‡∏Å!  #evgirls #evcar #‡∏£‡∏µ‡∏ß‡∏¥‡∏ß #‡∏£‡∏ñev #BMW #BMWTH #JOYisBMW #‡∏™‡∏∏‡∏ô‡∏ó‡∏£‡∏µ‡∏¢‡∏†‡∏≤‡∏û‡πÅ‡∏´‡πà‡∏á‡∏Å‡∏≤‡∏£‡∏Ç‡∏±‡∏ö‡∏Ç‡∏µ‡πà #WhateverHappenes #BMWService ,1696649532,False,0,True,False,7287054233726110982,0,EV Girls,https://p16-sign-va.tiktokcdn.com/tos-maliva-avt-0068/45df6b464c24e66581a7ef35cb12334d~c5_1080x1080.jpeg?x-expires=1698066000&x-signature=HUx8eY75CgvSqK5ywuoykzHvLIk%3D,46,7287054332906244870,False,https://v16-webapp-prime.tiktok.com/video/tos/useast2a/tos-useast2a-v-27dcd7/oUVvIe8XGKJQILcgBLnCMFIVJelQ0BsUdNDpbW/?a=1988&ch=0&cr=0&dr=0&er=0&lr=default&cd=0%7C0%7C0%7C0&br=250&bt=125&bti=ODszNWYuMDE6&ft=t2PAl-Inz7T-QapZiyq8Z&mime_type=audio_mpeg&qs=6&rc=ZmZoaTw2ODlpOmZoMzs6O0BpMzhtazg6Zm5nbjMzNzU8M0AuNjMzM2MuNjQxNTQuNTYuYSNzY15jcjQwL2RgLS1kMTZzcw%3D%3D&btag=e00088000&expire=1697898397&l=20231021132550CCB7897DC080536F203F&ply_type=3&policy=3&signature=c29366ed5a54edecdd69f9ee4a0541f6&tk=0,‡πÄ‡∏™‡∏µ‡∏¢‡∏á‡∏ï‡πâ‡∏ô‡∏â‡∏ö‡∏±‡∏ö - EV Girls,"['evgirls', 'evcar', '‡∏£‡∏µ‡∏ß‡∏¥‡∏ß', '‡∏£‡∏ñev', 'bmw', 'bmwth', 'joyisbmw', '‡∏™‡∏∏‡∏ô‡∏ó‡∏£‡∏µ‡∏¢‡∏†‡∏≤‡∏û‡πÅ‡∏´‡πà‡∏á‡∏Å‡∏≤‡∏£‡∏Ç‡∏±‡∏ö‡∏Ç‡∏µ‡πà', 'whateverhappenes', 'bmwservice']"
evgirls.th,‡∏£‡∏µ‡∏ß‡∏¥‡∏ß‡∏£‡∏ñ‡πÑ‡∏ü‡∏ü‡πâ‡∏≤ EV ‡∏â‡∏ö‡∏±‡∏ö‡πÄ‡∏Ç‡πâ‡∏≤‡πÉ‡∏à‡∏á‡πà‡∏≤‡∏¢‡πÜ,False,‡∏´‡∏ô‡πâ‡∏≤‡∏ù‡∏ô‡∏ô‡∏µ‡πâ‡∏ï‡πâ‡∏≠‡∏á‡∏°‡∏µ‡∏™‡∏±‡∏Å‡∏Ñ‡∏±‡∏ô‡∏•‡∏∞‡∏°‡∏±‡πâ‡∏¢‡∏¢‡∏¢ ‡∏´‡∏°‡∏≤‡∏¢‡∏ñ‡∏∂‡∏á‡∏£‡πà‡∏°‡∏Ñ‡πà‡∏∞ \U0001f979 #evgirls #evcar #‡∏£‡∏µ‡∏ß‡∏¥‡∏ß #‡∏£‡∏ñ‡∏¢‡∏ô‡∏ï‡πå‡πÑ‡∏ü‡∏ü‡πâ‡∏≤ #‡∏£‡∏ñev #rollsroyce #spectre ,1696598664,False,0,True,False,7286835759959772422,0,EV Girls,https://p16-sign-va.tiktokcdn.com/tos-maliva-avt-0068/45df6b464c24e66581a7ef35cb12334d~c5_1080x1080.jpeg?x-expires=1698066000&x-signature=HUx8eY75CgvSqK5ywuoykzHvLIk%3D,18,7286835816955972358,False,https://v16-webapp-prime.tiktok.com/video/tos/useast2a/tos-useast2a-v-27dcd7/oIsBqpnVeofSICgYXJWKCBMUoVKIMJEbQlAozD/?a=1988&ch=0&cr=0&dr=0&er=0&lr=default&cd=0%7C0%7C0%7C0&br=250&bt=125&bti=ODszNWYuMDE6&ft=t2PAl-Inz7T-QapZiyq8Z&mime_type=audio_mpeg&qs=6&rc=Ozw2aTxmNzw7OTs8NjozZkBpM3luOGQ6ZjczbjMzNzU8M0AwYTNiYC01NjYxMTA2Ly0wYSMyYC1ucjRnaWRgLS1kMTZzcw%3D%3D&btag=e00088000&expire=1697898369&l=20231021132550CCB7897DC080536F203F&ply_type=3&policy=3&signature=4c21eedbe677f496f6b3a6e67e23abad&tk=0,‡πÄ‡∏™‡∏µ‡∏¢‡∏á‡∏ï‡πâ‡∏ô‡∏â‡∏ö‡∏±‡∏ö - EV Girls,"['evgirls', 'evcar', '‡∏£‡∏µ‡∏ß‡∏¥‡∏ß', '‡∏£‡∏ñ‡∏¢‡∏ô‡∏ï‡πå‡πÑ‡∏ü‡∏ü‡πâ‡∏≤', '‡∏£‡∏ñev', 'rollsroyce', 'spectre']"
evgirls.th,‡∏£‡∏µ‡∏ß‡∏¥‡∏ß‡∏£‡∏ñ‡πÑ‡∏ü‡∏ü‡πâ‡∏≤ EV ‡∏â‡∏ö‡∏±‡∏ö‡πÄ‡∏Ç‡πâ‡∏≤‡πÉ‡∏à‡∏á‡πà‡∏≤‡∏¢‡πÜ,False,‡πÅ‡∏Å‡∏•‡πâ‡∏á‡πÜ‡∏ã‡πâ‡∏≠‡∏°‡πÑ‡∏ß‡πâ‡∏Å‡πà‡∏≠‡∏ô‡∏Ñ‡πà‡∏∞ üòÇüòç #‡∏£‡∏µ‡∏ß‡∏¥‡∏ß #evcar #evgirls #rollsroyce #rollroycespectre #‡∏£‡∏ñ‡∏¢‡∏ô‡∏ï‡πå‡πÑ‡∏ü‡∏ü‡πâ‡∏≤ ,1696509212,False,0,True,False,7286451573306215685,0,EV Girls,https://p16-sign-va.tiktokcdn.com/tos-maliva-avt-0068/45df6b464c24e66581a7ef35cb12334d~c5_1080x1080.jpeg?x-expires=1698066000&x-signature=HUx8eY75CgvSqK5ywuoykzHvLIk%3D,24,7286451613636086534,False,https://v16-webapp-prime.tiktok.com/video/tos/useast2a/tos-useast2a-v-27dcd7/oYSUObqeTQaJnbDYMbMDCjBJrBHeQKnYlG0UhA/?a=1988&ch=0&cr=0&dr=0&er=0&lr=default&cd=0%7C0%7C0%7C0&br=250&bt=125&bti=ODszNWYuMDE6&ft=t2PAl-Inz7T-QapZiyq8Z&mime_type=audio_mpeg&qs=6&rc=Z2c6NWgzPGc1PDw1OzZkaEBpajZwNjk6ZjtkbjMzNzU8M0AwNTIxYDBfNTMxYl8xMDVjYSMwZy4ycjRvbmNgLS1kMTZzcw%3D%3D&btag=e00088000&expire=1697898375&l=20231021132550CCB7897DC080536F203F&ply_type=3&policy=3&signature=16fe533165388d310006e917247ddbad&tk=0,‡πÄ‡∏™‡∏µ‡∏¢‡∏á‡∏ï‡πâ‡∏ô‡∏â‡∏ö‡∏±‡∏ö - EV Girls,"['‡∏£‡∏µ‡∏ß‡∏¥‡∏ß', 'evcar', 'evgirls', 'rollsroyce', 'rollroycespectre', '‡∏£‡∏ñ‡∏¢‡∏ô‡∏ï‡πå‡πÑ‡∏ü‡∏ü‡πâ‡∏≤']"
evgirls.th,‡∏£‡∏µ‡∏ß‡∏¥‡∏ß‡∏£‡∏ñ‡πÑ‡∏ü‡∏ü‡πâ‡∏≤ EV ‡∏â‡∏ö‡∏±‡∏ö‡πÄ‡∏Ç‡πâ‡∏≤‡πÉ‡∏à‡∏á‡πà‡∏≤‡∏¢‡πÜ,False,‡∏°‡∏≤‡∏•‡∏≠‡∏á‡∏ô‡∏±‡πà‡∏á‡πÄ‡∏ö‡∏≤‡∏∞‡∏´‡∏•‡∏±‡∏á‡∏Ç‡∏≠‡∏á‡∏£‡∏ñ‡∏¢‡∏ô‡∏ï‡πå‡πÑ‡∏ü‡∏ü‡πâ‡∏≤‡∏ó‡∏µ‡πà‡∏´‡∏£‡∏π‡∏ó‡∏µ‡πà‡∏™‡∏∏‡∏î‡πÉ‡∏ô‡πÑ‡∏ó‡∏¢‡∏ï‡∏≠‡∏ô‡∏ô‡∏µ‡πâ‡∏Å‡∏±‡∏ô‡∏Ñ‡πà‡∏∞ \U0001fae0\U0001faf6‚ú® #evgirls #evcar #‡∏£‡∏µ‡∏ß‡∏¥‡∏ß #‡∏£‡∏ñ‡∏¢‡∏ô‡∏ï‡πå‡πÑ‡∏ü‡∏ü‡πâ‡∏≤ #‡∏£‡∏ñev #rollsroyce #spectre ,1696422122,False,0,True,False,7286077521790045445,0,EV Girls,https://p16-sign-va.tiktokcdn.com/tos-maliva-avt-0068/45df6b464c24e66581a7ef35cb12334d~c5_1080x1080.jpeg?x-expires=1698066000&x-signature=HUx8eY75CgvSqK5ywuoykzHvLIk%3D,33,7286077602142604037,False,https://v16-webapp-prime.tiktok.com/video/tos/useast2a/tos-useast2a-v-27dcd7/oIIIdyrKZAqMtoE8H2MBAfhgxWzWRjI8ktK9Pk/?a=1988&ch=0&cr=0&dr=0&er=0&lr=default&cd=0%7C0%7C0%7C0&br=250&bt=125&bti=ODszNWYuMDE6&ft=t2PAl-Inz7T-QapZiyq8Z&mime_type=audio_mpeg&qs=6&rc=OzhmPDY7OzczZWY6aTc7NEBpM2t0aTo6ZnhvbjMzNzU8M0AzMGJfLmFeNV8xY18xMy8uYSMyajNmcjRvZWJgLS1kMTZzcw%3D%3D&btag=e00088000&expire=1697898384&l=20231021132550CCB7897DC080536F203F&ply_type=3&policy=3&signature=2007c47969b1c59cac505520c5d9ee5d&tk=0,‡πÄ‡∏™‡∏µ‡∏¢‡∏á‡∏ï‡πâ‡∏ô‡∏â‡∏ö‡∏±‡∏ö - EV Girls,"['evgirls', 'evcar', '‡∏£‡∏µ‡∏ß‡∏¥‡∏ß', '‡∏£‡∏ñ‡∏¢‡∏ô‡∏ï‡πå‡πÑ‡∏ü‡∏ü‡πâ‡∏≤', '‡∏£‡∏ñev', 'rollsroyce', 'spectre']"
evgirls.th,‡∏£‡∏µ‡∏ß‡∏¥‡∏ß‡∏£‡∏ñ‡πÑ‡∏ü‡∏ü‡πâ‡∏≤ EV ‡∏â‡∏ö‡∏±‡∏ö‡πÄ‡∏Ç‡πâ‡∏≤‡πÉ‡∏à‡∏á‡πà‡∏≤‡∏¢‡πÜ,False,‡∏¢‡∏±‡∏á‡πÑ‡∏á‡∏î‡∏µ‡∏Ñ‡∏∞ ‡∏à‡∏≠‡∏á‡πÄ‡∏•‡∏¢‡∏°‡∏±‡πâ‡∏¢ \U0001f979üöò‚ú® #evgirls #evcar #‡∏£‡∏µ‡∏ß‡∏¥‡∏ß #‡∏£‡∏ñ‡∏¢‡∏ô‡∏ï‡πå‡πÑ‡∏ü‡∏ü‡πâ‡∏≤ #‡∏£‡∏ñev #‡∏£‡∏ñ‡∏´‡∏£‡∏π #rollsroyce #rollsroycespectre ,1696304705,False,0,True,False,7285573213713665286,0,EV Girls,https://p16-sign-va.tiktokcdn.com/tos-maliva-avt-0068/45df6b464c24e66581a7ef35cb12334d~c5_1080x1080.jpeg?x-expires=1698066000&x-signature=HUx8eY75CgvSqK5ywuoykzHvLIk%3D,45,7285573324571069190,False,https://v16-webapp-prime.tiktok.com/video/tos/useast2a/tos-useast2a-v-27dcd7/oYRbEcrVyIkFKBgDjAjf4gchM0zLg1BhsoNOlj/?a=1988&ch=0&cr=0&dr=0&er=0&lr=default&cd=0%7C0%7C0%7C0&br=250&bt=125&bti=ODszNWYuMDE6&ft=t2PAl-Inz7T-QapZiyq8Z&mime_type=audio_mpeg&qs=6&rc=Nzo1ZDc7OjozOTczOzhoM0BpamtsOzY6ZnBybjMzNzU8M0BiYjMuMzZhXjAxLWJfMDU1YSNpL3JkcjQwcGFgLS1kMTZzcw%3D%3D&btag=e00088000&expire=1697898396&l=20231021132550CCB7897DC080536F203F&ply_type=3&policy=3&signature=d5f6d6864e14bba218b82099a49fbd14&tk=0,‡πÄ‡∏™‡∏µ‡∏¢‡∏á‡∏ï‡πâ‡∏ô‡∏â‡∏ö‡∏±‡∏ö - EV Girls,"['evgirls', 'evcar', '‡∏£‡∏µ‡∏ß‡∏¥‡∏ß', '‡∏£‡∏ñ‡∏¢‡∏ô‡∏ï‡πå‡πÑ‡∏ü‡∏ü‡πâ‡∏≤', '‡∏£‡∏ñev', '‡∏£‡∏ñ‡∏´‡∏£‡∏π', 'rollsroyce', 'rollsroycespectre']"
evgirls.th,‡∏£‡∏µ‡∏ß‡∏¥‡∏ß‡∏£‡∏ñ‡πÑ‡∏ü‡∏ü‡πâ‡∏≤ EV ‡∏â‡∏ö‡∏±‡∏ö‡πÄ‡∏Ç‡πâ‡∏≤‡πÉ‡∏à‡∏á‡πà‡∏≤‡∏¢‡πÜ,False,‡∏™‡∏∏‡∏î‡∏´‡∏•‡πà‡∏≠‡∏Ñ‡∏±‡∏ô‡∏ô‡∏µ‡πâ‡∏†‡∏≤‡∏¢‡πÉ‡∏ô‡∏Å‡∏ß‡πâ‡∏≤‡∏á‡∏à‡∏£‡∏¥‡∏á ‡πÄ‡∏ö‡∏≤‡∏∞‡∏´‡∏•‡∏±‡∏á‡∏ô‡∏±‡πà‡∏á 3 ‡∏Ñ‡∏ô‡∏™‡∏ö‡∏≤‡∏¢ üòç‚ú® #‡∏£‡∏µ‡∏ß‡∏¥‡∏ß #bydseal #bydseal2023 #‡∏£‡∏ñ‡∏¢‡∏ô‡∏ï‡πå‡πÑ‡∏ü‡∏ü‡πâ‡∏≤ #evcar #evgirls,1696250054,False,0,True,False,7285338501548133637,0,EV Girls,https://p16-sign-va.tiktokcdn.com/tos-maliva-avt-0068/45df6b464c24e66581a7ef35cb12334d~c5_1080x1080.jpeg?x-expires=1698066000&x-signature=HUx8eY75CgvSqK5ywuoykzHvLIk%3D,33,7285338515181980422,False,https://v16-webapp-prime.tiktok.com/video/tos/useast2a/tos-useast2a-v-27dcd7/oUQgxMzyfJZkjuaSrE0VBANKqEbIMkINoyVyZh/?a=1988&ch=0&cr=0&dr=0&er=0&lr=default&cd=0%7C0%7C0%7C0&br=250&bt=125&bti=ODszNWYuMDE6&ft=t2PAl-Inz7T-QapZiyq8Z&mime_type=audio_mpeg&qs=6&rc=OmloaTtnaGc2NmRoNmQ0ZEBpanNmZjc6ZmxlbjMzNzU8M0BjMjIyXjUvNl4xMDIzM2EvYSNebmdpcjQwZWFgLS1kMTZzcw%3D%3D&btag=e00088000&expire=1697898384&l=20231021132550CCB7897DC080536F203F&ply_type=3&policy=3&signature=07e4e775d1c0da1200d281867e32be3a&tk=0,‡πÄ‡∏™‡∏µ‡∏¢‡∏á‡∏ï‡πâ‡∏ô‡∏â‡∏ö‡∏±‡∏ö - EV Girls,"['‡∏£‡∏µ‡∏ß‡∏¥‡∏ß', 'bydseal', 'bydseal2023', '‡∏£‡∏ñ‡∏¢‡∏ô‡∏ï‡πå‡πÑ‡∏ü‡∏ü‡πâ‡∏≤', 'evcar', 'evgirls']"
evgirls.th,‡∏£‡∏µ‡∏ß‡∏¥‡∏ß‡∏£‡∏ñ‡πÑ‡∏ü‡∏ü‡πâ‡∏≤ EV ‡∏â‡∏ö‡∏±‡∏ö‡πÄ‡∏Ç‡πâ‡∏≤‡πÉ‡∏à‡∏á‡πà‡∏≤‡∏¢‡πÜ,False,‡∏™‡∏≤‡∏°‡∏£‡∏∏‡πà‡∏ô‡∏¢‡πà‡∏≠‡∏¢‡∏´‡∏ô‡πâ‡∏≤‡∏ï‡∏≤‡πÄ‡∏´‡∏°‡∏∑‡∏≠‡∏ô‡∏Å‡∏±‡∏ô ‡πÅ‡∏ï‡πà‡∏•‡∏≠‡∏á‡∏Ç‡∏±‡∏ö‡πÅ‡∏•‡πâ‡∏ß‡πÄ‡∏´‡∏°‡∏∑‡∏≠‡∏ô‡∏ö‡∏≠‡∏¢‡πÅ‡∏ö‡∏ô‡∏î‡πå‡∏Ñ‡∏ô‡∏•‡∏∞‡∏Ñ‡∏≤‡πÅ‡∏£‡∏Ñ‡πÄ‡∏ï‡∏≠‡∏£‡πå üòÜ #evgirls #evcar #‡∏£‡∏µ‡∏ß‡∏¥‡∏ß #‡∏£‡∏ñ‡∏¢‡∏ô‡∏ï‡πå‡πÑ‡∏ü‡∏ü‡πâ‡∏≤ #byd #bydseal ,1696133528,False,0,True,False,7284838016995347718,0,EV Girls,https://p16-sign-va.tiktokcdn.com/tos-maliva-avt-0068/45df6b464c24e66581a7ef35cb12334d~c5_1080x1080.jpeg?x-expires=1698066000&x-signature=HUx8eY75CgvSqK5ywuoykzHvLIk%3D,29,7284838066378836741,False,https://v16-webapp-prime.tiktok.com/video/tos/useast2a/tos-useast2a-v-27dcd7/osaUebPYjQVJnwKMHvIDCiBJ8BGeISU8luGK0c/?a=1988&ch=0&cr=0&dr=0&er=0&lr=default&cd=0%7C0%7C0%7C0&br=250&bt=125&bti=ODszNWYuMDE6&ft=t2PAl-Inz7T-QapZiyq8Z&mime_type=audio_mpeg&qs=6&rc=Z2Y0Zjo5ZDczPGQ4Zmg6PEBpM3F5cTc6ZjtpbjMzNzU8M0AxMzVgM2FjXjUxYTE0Y15iYSNjMGYvcjRnMGBgLS1kMTZzcw%3D%3D&btag=e00088000&expire=1697898380&l=20231021132550CCB7897DC080536F203F&ply_type=3&policy=3&signature=c3d3dd0518fe44eb29d408fd2fba8bfb&tk=0,‡πÄ‡∏™‡∏µ‡∏¢‡∏á‡∏ï‡πâ‡∏ô‡∏â‡∏ö‡∏±‡∏ö - EV Girls,"['evgirls', 'evcar', '‡∏£‡∏µ‡∏ß‡∏¥‡∏ß', '‡∏£‡∏ñ‡∏¢‡∏ô‡∏ï‡πå‡πÑ‡∏ü‡∏ü‡πâ‡∏≤', 'byd', 'bydseal']"
evgirls.th,‡∏£‡∏µ‡∏ß‡∏¥‡∏ß‡∏£‡∏ñ‡πÑ‡∏ü‡∏ü‡πâ‡∏≤ EV ‡∏â‡∏ö‡∏±‡∏ö‡πÄ‡∏Ç‡πâ‡∏≤‡πÉ‡∏à‡∏á‡πà‡∏≤‡∏¢‡πÜ,False,‡∏°‡∏≤‡∏î‡∏π‡∏ó‡πâ‡∏≤‡∏¢‡∏£‡∏ñ‡∏Ç‡∏≠‡∏á‡∏™‡∏∏‡∏î‡∏´‡∏•‡πà‡∏≠‡∏Å‡∏±‡∏ô\U0001f979 #evgirls #evcar #ev #‡∏£‡∏ñev #‡∏£‡∏µ‡∏ß‡∏¥‡∏ß #‡∏£‡∏ñ‡∏¢‡∏ô‡∏ï‡πå‡πÑ‡∏ü‡∏ü‡πâ‡∏≤ #byd #bydseal ,1696054615,False,0,True,False,7284499088156953862,0,EV Girls,https://p16-sign-va.tiktokcdn.com/tos-maliva-avt-0068/45df6b464c24e66581a7ef35cb12334d~c5_1080x1080.jpeg?x-expires=1698066000&x-signature=HUx8eY75CgvSqK5ywuoykzHvLIk%3D,24,7284499151532673798,False,https://v16-webapp-prime.tiktok.com/video/tos/useast2a/tos-useast2a-v-27dcd7/o4IAoIIYVBeMCcuRyeKBsfewgRkuygzeYefsijE/?a=1988&ch=0&cr=0&dr=0&er=0&lr=default&cd=0%7C0%7C0%7C0&br=250&bt=125&bti=ODszNWYuMDE6&ft=t2PAl-Inz7T-QapZiyq8Z&mime_type=audio_mpeg&qs=6&rc=OmQ5ODpkOTw0OTU8ODQ7OEBpMzZlO2g6ZnN1bjMzNzU8M0A0NDI1MDY2NTExMTZgLWExYSNxZWBwcjQwbl9gLS1kMTZzcw%3D%3D&btag=e00088000&expire=1697898375&l=20231021132550CCB7897DC080536F203F&ply_type=3&policy=3&signature=874744fd2cc44d4346b8f698e7828059&tk=0,‡πÄ‡∏™‡∏µ‡∏¢‡∏á‡∏ï‡πâ‡∏ô‡∏â‡∏ö‡∏±‡∏ö - EV Girls,"['evgirls', 'evcar', 'ev', '‡∏£‡∏ñev', '‡∏£‡∏µ‡∏ß‡∏¥‡∏ß', '‡∏£‡∏ñ‡∏¢‡∏ô‡∏ï‡πå‡πÑ‡∏ü‡∏ü‡πâ‡∏≤', 'byd', 'bydseal']"
evgirls.th,‡∏£‡∏µ‡∏ß‡∏¥‡∏ß‡∏£‡∏ñ‡πÑ‡∏ü‡∏ü‡πâ‡∏≤ EV ‡∏â‡∏ö‡∏±‡∏ö‡πÄ‡∏Ç‡πâ‡∏≤‡πÉ‡∏à‡∏á‡πà‡∏≤‡∏¢‡πÜ,False,‡πÄ‡∏≠‡∏≤‡πÑ‡∏ß‡πâ‡∏ã‡πà‡∏≠‡∏ô ‡πÄ‡∏≠‡πâ‡∏¢! ‡πÉ‡∏™‡πà‡∏≠‡∏∞‡πÑ‡∏£‡∏î‡∏µ‡∏ô‡πâ‡∏≤ üòÜ #evgirls #evcar #‡∏£‡∏µ‡∏ß‡∏¥‡∏ß #‡∏£‡∏ñ‡∏¢‡∏ô‡∏ï‡πå‡πÑ‡∏ü‡∏ü‡πâ‡∏≤ #byd #bydseal ,1695989899,False,0,True,False,7284221136202763526,0,EV Girls,https://p16-sign-va.tiktokcdn.com/tos-maliva-avt-0068/45df6b464c24e66581a7ef35cb12334d~c5_1080x1080.jpeg?x-expires=1698066000&x-signature=HUx8eY75CgvSqK5ywuoykzHvLIk%3D,26,7284221196366777094,False,https://v16-webapp-prime.tiktok.com/video/tos/useast2a/tos-useast2a-v-27dcd7/oABXFBNEkiMGbwEAKMoyIzfhouXGZyWJzcg2AK/?a=1988&ch=0&cr=0&dr=0&er=0&lr=default&cd=0%7C0%7C0%7C0&br=250&bt=125&bti=ODszNWYuMDE6&ft=t2PAl-Inz7T-QapZiyq8Z&mime_type=audio_mpeg&qs=6&rc=ZjU4ZDM5PDNnNzhmZDxnN0Bpajllazg6ZjlmbjMzNzU8M0BhMTYwMC9gNjYxMl8vXjBfYSNhMzNfcjQwLl9gLS1kMTZzcw%3D%3D&btag=e00088000&expire=1697898377&l=20231021132550CCB7897DC080536F203F&ply_type=3&policy=3&signature=8d7bb342c22f05cbfda625967592a909&tk=0,‡πÄ‡∏™‡∏µ‡∏¢‡∏á‡∏ï‡πâ‡∏ô‡∏â‡∏ö‡∏±‡∏ö - EV Girls,"['evgirls', 'evcar', '‡∏£‡∏µ‡∏ß‡∏¥‡∏ß', '‡∏£‡∏ñ‡∏¢‡∏ô‡∏ï‡πå‡πÑ‡∏ü‡∏ü‡πâ‡∏≤', 'byd', 'bydseal']"
evgirls.th,‡∏£‡∏µ‡∏ß‡∏¥‡∏ß‡∏£‡∏ñ‡πÑ‡∏ü‡∏ü‡πâ‡∏≤ EV ‡∏â‡∏ö‡∏±‡∏ö‡πÄ‡∏Ç‡πâ‡∏≤‡πÉ‡∏à‡∏á‡πà‡∏≤‡∏¢‡πÜ,False,‡∏£‡∏≤‡∏Ñ‡∏≤‡∏î‡∏µ‡∏°‡∏≤‡∏Å‡∏Å ‡∏¢‡∏±‡∏á‡πÑ‡∏á‡∏•‡πà‡∏∞‡∏ó‡∏µ‡∏ô‡∏µ‡πâ!\U0001f979 #‡∏£‡∏µ‡∏ß‡∏¥‡∏ß #byd #bydseal #‡∏£‡∏ñ‡∏¢‡∏ô‡∏ï‡πå‡πÑ‡∏ü‡∏ü‡πâ‡∏≤ #evcar #evgirls ,1695900504,False,0,True,False,7283837186825407749,0,EV Girls,https://p16-sign-va.tiktokcdn.com/tos-maliva-avt-0068/45df6b464c24e66581a7ef35cb12334d~c5_1080x1080.jpeg?x-expires=1698066000&x-signature=HUx8eY75CgvSqK5ywuoykzHvLIk%3D,6,7283837222112332550,False,https://v16-webapp-prime.tiktok.com/video/tos/useast2a/tos-useast2a-v-27dcd7/osILVyhKSArh2oEUHrMB8fhgGYzo2iByyNEt1k/?a=1988&ch=0&cr=0&dr=0&er=0&lr=default&cd=0%7C0%7C0%7C0&br=250&bt=125&bti=ODszNWYuMDE6&ft=t2PAl-Inz7T-QapZiyq8Z&mime_type=audio_mpeg&qs=6&rc=NGkzO2hoZTpnO2k5Ojs5NUBpM3BoODo6ZnBwbjMzNzU8M0AtYS0xMDRfNTAxLi9eLmJiYSMvMDJtcjRnM15gLS1kMTZzcw%3D%3D&btag=e00088000&expire=1697898357&l=20231021132550CCB7897DC080536F203F&ply_type=3&policy=3&signature=d222af21f2edcead9437f9817ac10c50&tk=0,‡πÄ‡∏™‡∏µ‡∏¢‡∏á‡∏ï‡πâ‡∏ô‡∏â‡∏ö‡∏±‡∏ö - EV Girls,"['‡∏£‡∏µ‡∏ß‡∏¥‡∏ß', 'byd', 'bydseal', '‡∏£‡∏ñ‡∏¢‡∏ô‡∏ï‡πå‡πÑ‡∏ü‡∏ü‡πâ‡∏≤', 'evcar', 'evgirls']"
evgirls.th,‡∏£‡∏µ‡∏ß‡∏¥‡∏ß‡∏£‡∏ñ‡πÑ‡∏ü‡∏ü‡πâ‡∏≤ EV ‡∏â‡∏ö‡∏±‡∏ö‡πÄ‡∏Ç‡πâ‡∏≤‡πÉ‡∏à‡∏á‡πà‡∏≤‡∏¢‡πÜ,False,‡∏ä‡∏≠‡∏ö‡∏™‡∏µ‡πÑ‡∏´‡∏ô‡∏Å‡∏±‡∏ô‡∏Ñ‡πà‡∏≤üòÇ‚ú® #‡∏£‡∏µ‡∏ß‡∏¥‡∏ß #‡∏£‡∏ñ‡∏¢‡∏ô‡∏ï‡πå‡πÑ‡∏ü‡∏ü‡πâ‡∏≤ #evcar #evgirls #seal #byd #bydseal2023 ,1695875185,False,0,True,False,7283728440639917317,0,EV Girls,https://p16-sign-va.tiktokcdn.com/tos-maliva-avt-0068/45df6b464c24e66581a7ef35cb12334d~c5_1080x1080.jpeg?x-expires=1698066000&x-signature=HUx8eY75CgvSqK5ywuoykzHvLIk%3D,24,7283728496718449413,False,https://v16-webapp-prime.tiktok.com/video/tos/useast2a/tos-useast2a-v-27dcd7/oIEq6QBDa1JrMYoQYBelCAgnQ6JyIBePbQFUMS/?a=1988&ch=0&cr=0&dr=0&er=0&lr=default&cd=0%7C0%7C0%7C0&br=250&bt=125&bti=ODszNWYuMDE6&ft=t2PAl-Inz7T-QapZiyq8Z&mime_type=audio_mpeg&qs=6&rc=ZDY4NTU6OmY5OWVkOzhnNUBpajVwOTw6ZnhqbjMzNzU8M0AxLzUwYDVfXzAxYjAwLzYwYSNiYGoxcjRnLV5gLS1kMTZzcw%3D%3D&btag=e00088000&expire=1697898375&l=20231021132550CCB7897DC080536F203F&ply_type=3&policy=3&signature=1befad1ba74f6b33fa9b0bce4ebb0eea&tk=0,original sound - EV Girls,"['‡∏£‡∏µ‡∏ß‡∏¥‡∏ß', '‡∏£‡∏ñ‡∏¢‡∏ô‡∏ï‡πå‡πÑ‡∏ü‡∏ü‡πâ‡∏≤', 'evcar', 'evgirls', 'seal', 'byd', 'bydseal2023']"
evgirls.th,‡∏£‡∏µ‡∏ß‡∏¥‡∏ß‡∏£‡∏ñ‡πÑ‡∏ü‡∏ü‡πâ‡∏≤ EV ‡∏â‡∏ö‡∏±‡∏ö‡πÄ‡∏Ç‡πâ‡∏≤‡πÉ‡∏à‡∏á‡πà‡∏≤‡∏¢‡πÜ,False,‡∏°‡∏≤‡∏™‡∏≠‡∏á‡∏£‡∏∏‡πà‡∏ô‡πÄ‡∏•‡∏¢!üòç EQE 350 4MATIC SUV AMG Dynamic ‡πÅ‡∏•‡∏∞ Mercedes-AMG EQE 53 4MATIC+ #‡∏£‡∏µ‡∏ß‡∏¥‡∏ß #mercedes #eqe #evgirls #evcar,1695791425,False,0,True,False,7283368694284176646,0,EV Girls,https://p16-sign-va.tiktokcdn.com/tos-maliva-avt-0068/45df6b464c24e66581a7ef35cb12334d~c5_1080x1080.jpeg?x-expires=1698066000&x-signature=HUx8eY75CgvSqK5ywuoykzHvLIk%3D,26,7283368738769586950,False,https://v16-webapp-prime.tiktok.com/video/tos/useast2a/tos-useast2a-v-27dcd7/owKMQT6oEPHz5ge2guwC24U3KCSFSYeVT3JfCM/?a=1988&ch=0&cr=0&dr=0&er=0&lr=default&cd=0%7C0%7C0%7C0&br=250&bt=125&bti=ODszNWYuMDE6&ft=t2PAl-Inz7T-QapZiyq8Z&mime_type=audio_mpeg&qs=6&rc=ODY7OTw8OWdpNzQ4OTlpM0BpM3d5ZTk6Zmx1bjMzNzU8M0AvMmNeNV8zXmExYDZiLl42YSM1bXFxcjRfZjZgLS1kMTZzcw%3D%3D&btag=e00088000&expire=1697898377&l=20231021132550CCB7897DC080536F203F&ply_type=3&policy=3&signature=470162d7c96dcf90d343ea411d21526b&tk=0,‡πÄ‡∏™‡∏µ‡∏¢‡∏á‡∏ï‡πâ‡∏ô‡∏â‡∏ö‡∏±‡∏ö - EV Girls,"['‡∏£‡∏µ‡∏ß‡∏¥‡∏ß', 'mercedes', 'eqe', 'evgirls', 'evcar']"
evgirls.th,‡∏£‡∏µ‡∏ß‡∏¥‡∏ß‡∏£‡∏ñ‡πÑ‡∏ü‡∏ü‡πâ‡∏≤ EV ‡∏â‡∏ö‡∏±‡∏ö‡πÄ‡∏Ç‡πâ‡∏≤‡πÉ‡∏à‡∏á‡πà‡∏≤‡∏¢‡πÜ,False,‡πÑ‡∏õ‡∏Ç‡∏±‡∏ö‡∏£‡∏ñ‡πÄ‡∏•‡πà‡∏ô‡∏Å‡∏±‡∏ô‡∏°‡∏±‡πâ‡∏¢‡∏Ñ‡∏∞ ‡∏≠‡∏¥‡∏≠‡∏¥ ‡∏ï‡∏≤‡∏°‡πÑ‡∏õ‡∏î‡∏π‡πÄ‡∏ï‡πá‡∏°‡πÜ‡∏Å‡∏±‡∏ô‡πÑ‡∏î‡πâ‡πÄ‡∏•‡∏¢üòç‚ú® #‡∏£‡∏µ‡∏ß‡∏¥‡∏ß #evgirls #evcar #‡∏£‡∏ñ‡∏¢‡∏ô‡∏ï‡πå‡πÑ‡∏ü‡∏ü‡πâ‡∏≤ #‡πÄ‡∏•‡∏µ‡∏¢‡∏ö‡∏î‡πà‡∏ß‡∏ô‡∏£‡∏≤‡∏°‡∏≠‡∏¥‡∏ô‡∏ó‡∏£‡∏≤ #‡∏´‡∏≤‡∏Ç‡∏≠‡∏á‡∏Å‡∏¥‡∏ô ,1695645438,False,0,True,False,7282741692283800837,0,EV Girls,https://p16-sign-va.tiktokcdn.com/tos-maliva-avt-0068/45df6b464c24e66581a7ef35cb12334d~c5_1080x1080.jpeg?x-expires=1698066000&x-signature=HUx8eY75CgvSqK5ywuoykzHvLIk%3D,36,7282741736494467846,False,https://v16-webapp-prime.tiktok.com/video/tos/useast2a/tos-useast2a-v-27dcd7/o0B7CfuEB8QslUXRQlDnOwbeYVvFQ8AOBJiHYJ/?a=1988&ch=0&cr=0&dr=0&er=0&lr=default&cd=0%7C0%7C0%7C0&br=250&bt=125&bti=ODszNWYuMDE6&ft=t2PAl-Inz7T-QapZiyq8Z&mime_type=audio_mpeg&qs=6&rc=OzVmNWg1Z2Q0PDs3ZGg0M0BpamUzbjY6ZjRxbjMzNzU8M0BfMjYuXzA0XzQxMTAvXmBiYSNrYHBocjRvcjVgLS1kMTZzcw%3D%3D&btag=e00088000&expire=1697898387&l=20231021132550CCB7897DC080536F203F&ply_type=3&policy=3&signature=7b2a39f015ecca555f3964618d58a332&tk=0,‡πÄ‡∏™‡∏µ‡∏¢‡∏á‡∏ï‡πâ‡∏ô‡∏â‡∏ö‡∏±‡∏ö - EV Girls,"['‡∏£‡∏µ‡∏ß‡∏¥‡∏ß', 'evgirls', 'evcar', '‡∏£‡∏ñ‡∏¢‡∏ô‡∏ï‡πå‡πÑ‡∏ü‡∏ü‡πâ‡∏≤', '‡πÄ‡∏•‡∏µ‡∏¢‡∏ö‡∏î‡πà‡∏ß‡∏ô‡∏£‡∏≤‡∏°‡∏≠‡∏¥‡∏ô‡∏ó‡∏£‡∏≤', '‡∏´‡∏≤‡∏Ç‡∏≠‡∏á‡∏Å‡∏¥‡∏ô']"
evgirls.th,‡∏£‡∏µ‡∏ß‡∏¥‡∏ß‡∏£‡∏ñ‡πÑ‡∏ü‡∏ü‡πâ‡∏≤ EV ‡∏â‡∏ö‡∏±‡∏ö‡πÄ‡∏Ç‡πâ‡∏≤‡πÉ‡∏à‡∏á‡πà‡∏≤‡∏¢‡πÜ,False,‡∏î‡∏π‡∏Å‡∏±‡∏ô‡∏¢‡∏±‡∏á‡∏Ñ‡πà‡∏≤ ‡∏ï‡∏≤‡∏°‡πÑ‡∏õ‡∏î‡∏π‡∏Å‡∏±‡∏ô‡πÑ‡∏î‡πâ‡∏ô‡πâ‡∏≤üòç‚ú® #‡∏£‡∏µ‡∏ß‡∏¥‡∏ß #evcar #evgirls #‡∏£‡∏ñ‡∏¢‡∏ô‡∏ï‡πå‡πÑ‡∏ü‡∏ü‡πâ‡∏≤ #ev #tesla ,1695561521,False,0,True,False,7282381268916915461,0,EV Girls,https://p16-sign-va.tiktokcdn.com/tos-maliva-avt-0068/45df6b464c24e66581a7ef35cb12334d~c5_1080x1080.jpeg?x-expires=1698066000&x-signature=HUx8eY75CgvSqK5ywuoykzHvLIk%3D,50,7282381308646083334,False,https://v16-webapp-prime.tiktok.com/video/tos/useast2a/tos-useast2a-v-27dcd7/ooRNzMOiyYgEp6vQAOfhouzaKiBEwtFMIbtAkB/?a=1988&ch=0&cr=0&dr=0&er=0&lr=default&cd=0%7C0%7C0%7C0&br=250&bt=125&bti=ODszNWYuMDE6&ft=t2PAl-Inz7T-QapZiyq8Z&mime_type=audio_mpeg&qs=6&rc=Zmc2Omk5Mzo5ZDZlOGdlZkBpM3R2bmg6Zmc2bjMzNzU8M0BeNjRiNmEuXzQxYS8tYF9jYSNlLmFhcjRfYjVgLS1kMTZzcw%3D%3D&btag=e00088000&expire=1697898401&l=20231021132550CCB7897DC080536F203F&ply_type=3&policy=3&signature=66bd9b9dc4e3b9a58bf7d5e8e649f698&tk=0,‡πÄ‡∏™‡∏µ‡∏¢‡∏á‡∏ï‡πâ‡∏ô‡∏â‡∏ö‡∏±‡∏ö - EV Girls,"['‡∏£‡∏µ‡∏ß‡∏¥‡∏ß', 'evcar', 'evgirls', '‡∏£‡∏ñ‡∏¢‡∏ô‡∏ï‡πå‡πÑ‡∏ü‡∏ü‡πâ‡∏≤', 'ev', 'tesla']"
evgirls.th,‡∏£‡∏µ‡∏ß‡∏¥‡∏ß‡∏£‡∏ñ‡πÑ‡∏ü‡∏ü‡πâ‡∏≤ EV ‡∏â‡∏ö‡∏±‡∏ö‡πÄ‡∏Ç‡πâ‡∏≤‡πÉ‡∏à‡∏á‡πà‡∏≤‡∏¢‡πÜ,False,‡πÉ‡∏Ñ‡∏£‡∏£‡∏≠‡∏Ñ‡∏±‡∏ô‡∏ô‡∏µ‡πâ‡∏ö‡πâ‡∏≤‡∏á! ‡∏≠‡∏¢‡∏≤‡∏Å‡∏•‡∏≠‡∏á‡∏Ç‡∏±‡∏ö‡πÅ‡∏•‡πâ‡∏ß\U0001f979 #‡∏£‡∏µ‡∏ß‡∏¥‡∏ß #lotus #lotuseletre #evcar #evgirls #‡∏£‡∏ñ‡∏¢‡∏ô‡∏ï‡πå‡πÑ‡∏ü‡∏ü‡πâ‡∏≤ ,1695442065,False,0,True,False,7281868209672752389,0,EV Girls,https://p16-sign-va.tiktokcdn.com/tos-maliva-avt-0068/45df6b464c24e66581a7ef35cb12334d~c5_1080x1080.jpeg?x-expires=1698066000&x-signature=HUx8eY75CgvSqK5ywuoykzHvLIk%3D,31,7281868254350445318,False,https://v16-webapp-prime.tiktok.com/video/tos/useast2a/tos-useast2a-v-27dcd7/oAgKmyzAhJJhKmfE1RMHs6BkLZotTNOOkwhIJz/?a=1988&ch=0&cr=0&dr=0&er=0&lr=default&cd=0%7C0%7C0%7C0&br=250&bt=125&bti=ODszNWYuMDE6&ft=t2PAl-Inz7T-QapZiyq8Z&mime_type=audio_mpeg&qs=6&rc=PDdlZTxpODQ3PDQ0OTdoO0BpamtmbGg6Zjk5bjMzNzU8M0A0MjRhYC00XmIxNC5eNDU2YSM2ZmVkcjRvNjRgLS1kMTZzcw%3D%3D&btag=e00088000&expire=1697898382&l=20231021132550CCB7897DC080536F203F&ply_type=3&policy=3&signature=1012973567681543a9707b5caacf7869&tk=0,‡πÄ‡∏™‡∏µ‡∏¢‡∏á‡∏ï‡πâ‡∏ô‡∏â‡∏ö‡∏±‡∏ö - EV Girls,"['‡∏£‡∏µ‡∏ß‡∏¥‡∏ß', 'lotus', 'lotuseletre', 'evcar', 'evgirls', '‡∏£‡∏ñ‡∏¢‡∏ô‡∏ï‡πå‡πÑ‡∏ü‡∏ü‡πâ‡∏≤']"
evgirls.th,‡∏£‡∏µ‡∏ß‡∏¥‡∏ß‡∏£‡∏ñ‡πÑ‡∏ü‡∏ü‡πâ‡∏≤ EV ‡∏â‡∏ö‡∏±‡∏ö‡πÄ‡∏Ç‡πâ‡∏≤‡πÉ‡∏à‡∏á‡πà‡∏≤‡∏¢‡πÜ,False,‡πÉ‡∏Ñ‡∏£‡∏≠‡∏¢‡∏π‡πà‡πÇ‡∏ã‡∏ô‡∏û‡∏£‡∏∞‡∏£‡∏≤‡∏°2 ‡πÅ‡∏•‡πâ‡∏ß‡∏Å‡∏≥‡∏•‡∏±‡∏á‡πÄ‡∏•‡πá‡∏á VOLVO ‡∏Å‡πá‡∏•‡∏≠‡∏á‡πÄ‡πÄ‡∏ß‡∏∞‡πÄ‡∏Ç‡πâ‡∏≤‡πÑ‡∏õ‡∏î‡∏π‡πÑ‡∏î‡πâ‡∏ô‡πâ‡∏≤üòç‚ú® #‡∏£‡∏µ‡∏ß‡∏¥‡∏ß #volvo #volex30 #evcar #evgirls #‡∏£‡∏ñ‡∏¢‡∏ô‡∏ï‡πå‡πÑ‡∏ü‡∏ü‡πâ‡∏≤ #volvorama2 ,1695377531,False,0,True,False,7281591035812203781,0,EV Girls,https://p16-sign-va.tiktokcdn.com/tos-maliva-avt-0068/45df6b464c24e66581a7ef35cb12334d~c5_1080x1080.jpeg?x-expires=1698066000&x-signature=HUx8eY75CgvSqK5ywuoykzHvLIk%3D,59,7281591123664243462,False,https://v16-webapp-prime.tiktok.com/video/tos/useast2a/tos-useast2a-v-27dcd7/o0hB9AhrJNzdEJoKRtwyfPNgNLkOgyMKaOIHaV/?a=1988&ch=0&cr=0&dr=0&er=0&lr=default&cd=0%7C0%7C0%7C0&br=250&bt=125&bti=ODszNWYuMDE6&ft=t2PAl-Inz7T-QapZiyq8Z&mime_type=audio_mpeg&qs=6&rc=PDo6PDNmZ2llZjg1OTk6N0BpamR1cGU6ZjZwbjMzNzU8M0BeYy1fLWA0NTQxLS5gNWEwYSNyMWVqcjRnZTNgLS1kMTZzcw%3D%3D&btag=e00088000&expire=1697898410&l=20231021132550CCB7897DC080536F203F&ply_type=3&policy=3&signature=807b99b8570d1518bf483c1a7c35cda6&tk=0,‡πÄ‡∏™‡∏µ‡∏¢‡∏á‡∏ï‡πâ‡∏ô‡∏â‡∏ö‡∏±‡∏ö - EV Girls,"['‡∏£‡∏µ‡∏ß‡∏¥‡∏ß', 'volvo', 'volex30', 'evcar', 'evgirls', '‡∏£‡∏ñ‡∏¢‡∏ô‡∏ï‡πå‡πÑ‡∏ü‡∏ü‡πâ‡∏≤', 'volvorama2']"
evgirls.th,‡∏£‡∏µ‡∏ß‡∏¥‡∏ß‡∏£‡∏ñ‡πÑ‡∏ü‡∏ü‡πâ‡∏≤ EV ‡∏â‡∏ö‡∏±‡∏ö‡πÄ‡∏Ç‡πâ‡∏≤‡πÉ‡∏à‡∏á‡πà‡∏≤‡∏¢‡πÜ,False,‡∏°‡∏≤‡∏£‡∏≠‡∏î‡∏π‡∏Å‡∏±‡∏ô‡∏ß‡πà‡∏≤‡∏Ç‡∏±‡∏ö‡∏Å‡∏µ‡πà‡πÇ‡∏•‡∏à‡∏∞‡πÑ‡∏î‡πâ‡πÄ‡∏Ñ‡∏£‡∏î‡∏¥‡∏ï‡πÄ‡∏ó‡πà‡∏≤‡πÑ‡∏£ü§© #evgirls #evcar #‡∏£‡∏ñ‡∏¢‡∏ô‡∏ï‡πå‡πÑ‡∏ü‡∏ü‡πâ‡∏≤ #‡∏£‡∏ñev #byd #carboncredits ,1695213024,False,0,True,False,7280884486118690054,0,EV Girls,https://p16-sign-va.tiktokcdn.com/tos-maliva-avt-0068/45df6b464c24e66581a7ef35cb12334d~c5_1080x1080.jpeg?x-expires=1698066000&x-signature=HUx8eY75CgvSqK5ywuoykzHvLIk%3D,46,7280884595099175686,False,https://v16-webapp-prime.tiktok.com/video/tos/useast2a/tos-useast2a-v-27dcd7/o07U3oeCpQn94FWCXiBQbHDzlVY2JEQBJ7fuyB/?a=1988&ch=0&cr=0&dr=0&er=0&lr=default&cd=0%7C0%7C0%7C0&br=250&bt=125&bti=ODszNWYuMDE6&ft=t2PAl-Inz7T-QapZiyq8Z&mime_type=audio_mpeg&qs=6&rc=aDMzOjM8Z2VnaDk4MzQ5Z0Bpam40cjU6ZnhobjMzNzU8M0AzYS1eMmM0NWAxLWNfMDJeYSNsa3FwcjQwXzJgLS1kMTZzcw%3D%3D&btag=e00088000&expire=1697898397&l=20231021132550CCB7897DC080536F203F&ply_type=3&policy=3&signature=bcbf73b7da868d35e5b0e9acce8c2595&tk=0,‡πÄ‡∏™‡∏µ‡∏¢‡∏á‡∏ï‡πâ‡∏ô‡∏â‡∏ö‡∏±‡∏ö - EV Girls,"['evgirls', 'evcar', '‡∏£‡∏ñ‡∏¢‡∏ô‡∏ï‡πå‡πÑ‡∏ü‡∏ü‡πâ‡∏≤', '‡∏£‡∏ñev', 'byd', 'carboncredits']"
evgirls.th,‡∏£‡∏µ‡∏ß‡∏¥‡∏ß‡∏£‡∏ñ‡πÑ‡∏ü‡∏ü‡πâ‡∏≤ EV ‡∏â‡∏ö‡∏±‡∏ö‡πÄ‡∏Ç‡πâ‡∏≤‡πÉ‡∏à‡∏á‡πà‡∏≤‡∏¢‡πÜ,False,‡∏Å‡∏∞‡∏ú‡∏¥‡∏î‡πÑ‡∏õ‡∏ô‡∏¥‡∏î‡πÄ‡∏î‡∏µ‡∏¢‡∏ß ‡∏ï‡πâ‡∏≠‡∏á‡πÄ‡∏≠‡∏∑‡πâ‡∏≠‡∏°‡∏™‡∏∏‡∏î‡∏ï‡∏±‡∏ß‡πÄ‡∏•‡∏¢ üòÇ #evgirls #evcar #‡∏à‡∏≠‡∏î‡∏£‡∏ñ #pov #‡πÉ‡∏Ñ‡∏£‡πÄ‡∏õ‡πá‡∏ô‡∏ö‡πâ‡∏≤‡∏á #‡∏ï‡∏•‡∏Å ,1695126965,False,0,True,False,7280514863758068998,0,EV Girls,https://p16-sign-va.tiktokcdn.com/tos-maliva-avt-0068/45df6b464c24e66581a7ef35cb12334d~c5_1080x1080.jpeg?x-expires=1698066000&x-signature=HUx8eY75CgvSqK5ywuoykzHvLIk%3D,15,7280514913579092741,False,https://v16-webapp-prime.tiktok.com/video/tos/useast2a/tos-useast2a-v-27dcd7/oElZlBMLWDzAQYCfILYUBa1JFJfcJCXhO4WRtn/?a=1988&ch=0&cr=0&dr=0&er=0&lr=default&cd=0%7C0%7C0%7C0&br=250&bt=125&bti=ODszNWYuMDE6&ft=t2PAl-Inz7T-QapZiyq8Z&mime_type=audio_mpeg&qs=6&rc=MzM5aTc6ZTppNjM2NjZnZkBpanEzd2U6ZmlzbjMzNzU8M0AxMV9fNjFjNjAxMTFjYjIyYSMvLV81cjRvXzFgLS1kMTZzcw%3D%3D&btag=e00088000&expire=1697898366&l=20231021132550CCB7897DC080536F203F&ply_type=3&policy=3&signature=f87f6e318f8a107ca2589605541f3b0e&tk=0,‡πÄ‡∏™‡∏µ‡∏¢‡∏á‡∏ï‡πâ‡∏ô‡∏â‡∏ö‡∏±‡∏ö - EV Girls,"['evgirls', 'evcar', '‡∏à‡∏≠‡∏î‡∏£‡∏ñ', 'pov', '‡πÉ‡∏Ñ‡∏£‡πÄ‡∏õ‡πá‡∏ô‡∏ö‡πâ‡∏≤‡∏á', '‡∏ï‡∏•‡∏Å']"
evgirls.th,‡∏£‡∏µ‡∏ß‡∏¥‡∏ß‡∏£‡∏ñ‡πÑ‡∏ü‡∏ü‡πâ‡∏≤ EV ‡∏â‡∏ö‡∏±‡∏ö‡πÄ‡∏Ç‡πâ‡∏≤‡πÉ‡∏à‡∏á‡πà‡∏≤‡∏¢‡πÜ,False,‡∏ó‡∏≤‡∏á‡∏ô‡∏µ‡πâ‡∏™‡∏≤‡∏¢‡∏™‡∏ô‡∏∏‡∏Å‡∏Ñ‡∏ô‡πÄ‡∏î‡∏µ‡∏¢‡∏ß‡∏Ñ‡πà‡∏≤üòÇ 55555555 #‡∏£‡∏µ‡∏ß‡∏¥‡∏ß #pov #‡∏Ñ‡∏ô‡πÑ‡∏ó‡∏¢‡πÄ‡∏õ‡πá‡∏ô‡∏Ñ‡∏ô‡∏ï‡∏•‡∏Å #evcar #evgirls ,1695040870,False,0,True,False,7280145091216346374,0,EV Girls,https://p16-sign-va.tiktokcdn.com/tos-maliva-avt-0068/45df6b464c24e66581a7ef35cb12334d~c5_1080x1080.jpeg?x-expires=1698066000&x-signature=HUx8eY75CgvSqK5ywuoykzHvLIk%3D,27,7280145130924509958,False,https://v16-webapp-prime.tiktok.com/video/tos/useast2a/tos-useast2a-v-27dcd7/owXyIAfOE0k3j5SIgGzBMKhNEbyoRAEKvChdtW/?a=1988&ch=0&cr=0&dr=0&er=0&lr=default&cd=0%7C0%7C0%7C0&br=250&bt=125&bti=ODszNWYuMDE6&ft=t2PAl-Inz7T-QapZiyq8Z&mime_type=audio_mpeg&qs=6&rc=aGQ2ZjxkODQ0OGYzZzw5ZEBpM3Nxd2c6ZnU3bjMzNzU8M0A1NDIzNTY1NS4xX2NfLy0xYSMtMjBhcjRvXjFgLS1kMTZzcw%3D%3D&btag=e00088000&expire=1697898378&l=20231021132550CCB7897DC080536F203F&ply_type=3&policy=3&signature=7d4043183d5cbea66e801733f3887260&tk=0,‡πÄ‡∏™‡∏µ‡∏¢‡∏á‡∏ï‡πâ‡∏ô‡∏â‡∏ö‡∏±‡∏ö - EV Girls,"['‡∏£‡∏µ‡∏ß‡∏¥‡∏ß', 'pov', '‡∏Ñ‡∏ô‡πÑ‡∏ó‡∏¢‡πÄ‡∏õ‡πá‡∏ô‡∏Ñ‡∏ô‡∏ï‡∏•‡∏Å', 'evcar', 'evgirls']"
evgirls.th,‡∏£‡∏µ‡∏ß‡∏¥‡∏ß‡∏£‡∏ñ‡πÑ‡∏ü‡∏ü‡πâ‡∏≤ EV ‡∏â‡∏ö‡∏±‡∏ö‡πÄ‡∏Ç‡πâ‡∏≤‡πÉ‡∏à‡∏á‡πà‡∏≤‡∏¢‡πÜ,False,‡∏≠‡∏¢‡∏≤‡∏Å‡∏•‡∏≠‡∏á‡πÉ‡∏ä‡πâ‡∏á‡∏≤‡∏ô‡∏Ñ‡∏±‡∏ô‡∏ô‡∏µ‡πâ‡∏à‡∏£‡∏¥‡∏á‡πÜ ‡πÄ‡∏´‡∏°‡∏∑‡∏≠‡∏ô‡∏Å‡∏±‡∏ô‡∏ô‡∏∞ ü§© #evcar #evgirls #‡∏£‡∏µ‡∏ß‡∏¥‡∏ß #‡∏£‡∏ñ‡∏¢‡∏ô‡∏ï‡πå‡πÑ‡∏ü‡∏ü‡πâ‡∏≤ #‡∏£‡∏ñev #aion #aionyplus #‡∏î‡∏π‡∏´‡∏ô‡∏±‡∏á ,1694955485,False,0,True,False,7279778364200602886,0,EV Girls,https://p16-sign-va.tiktokcdn.com/tos-maliva-avt-0068/45df6b464c24e66581a7ef35cb12334d~c5_1080x1080.jpeg?x-expires=1698066000&x-signature=HUx8eY75CgvSqK5ywuoykzHvLIk%3D,23,7279778495353391878,False,https://v16-webapp-prime.tiktok.com/video/tos/useast2a/tos-useast2a-v-27dcd7/osMf2LknUE7afBn8DVzeiJQtQFsNbG0AYmYfQ6/?a=1988&ch=0&cr=0&dr=0&er=0&lr=default&cd=0%7C0%7C0%7C0&br=250&bt=125&bti=ODszNWYuMDE6&ft=t2PAl-Inz7T-QapZiyq8Z&mime_type=audio_mpeg&qs=6&rc=M2U3Z2ZnZDloNzszZWdoPEBpM3lmbzk6ZnhpbjMzNzU8M0AzXjExMWA2NWExNDRhMmMtYSNnZ2VpcjRnYzBgLS1kMTZzcw%3D%3D&btag=e00088000&expire=1697898374&l=20231021132550CCB7897DC080536F203F&ply_type=3&policy=3&signature=e1ce5eb77fff070fbe3a799074c3d982&tk=0,‡πÄ‡∏™‡∏µ‡∏¢‡∏á‡∏ï‡πâ‡∏ô‡∏â‡∏ö‡∏±‡∏ö - EV Girls,"['evcar', 'evgirls', '‡∏£‡∏µ‡∏ß‡∏¥‡∏ß', '‡∏£‡∏ñ‡∏¢‡∏ô‡∏ï‡πå‡πÑ‡∏ü‡∏ü‡πâ‡∏≤', '‡∏£‡∏ñev', 'aion', 'aionyplus', '‡∏î‡∏π‡∏´‡∏ô‡∏±‡∏á']"
evgirls.th,‡∏£‡∏µ‡∏ß‡∏¥‡∏ß‡∏£‡∏ñ‡πÑ‡∏ü‡∏ü‡πâ‡∏≤ EV ‡∏â‡∏ö‡∏±‡∏ö‡πÄ‡∏Ç‡πâ‡∏≤‡πÉ‡∏à‡∏á‡πà‡∏≤‡∏¢‡πÜ,False,‡∏ß‡∏±‡∏ô‡∏ô‡∏µ‡πâ‡∏≠‡∏¢‡∏≤‡∏Å‡πÄ‡∏≠‡∏≤‡∏£‡∏≤‡∏á‡∏ß‡∏±‡∏•‡∏°‡∏≤‡∏ù‡∏≤‡∏Å‡∏ó‡∏∏‡∏Å‡∏Ñ‡∏ô‡∏Ñ‡πà‡∏≤ ‡πÅ‡∏•‡∏∞‡∏Ç‡∏≠‡∏ö‡∏Ñ‡∏∏‡∏ì‡∏ó‡∏µ‡πà‡∏ï‡∏¥‡∏î‡∏ï‡∏≤‡∏° ‡∏™‡∏ô‡∏±‡∏ö‡∏™‡∏ô‡∏∏‡∏ô ‡πÉ‡∏´‡πâ‡∏Å‡∏≥‡∏•‡∏±‡∏á‡πÉ‡∏à‡∏û‡∏ß‡∏Å‡πÄ‡∏£‡∏≤‡∏°‡∏≤‡∏ï‡∏•‡∏≠‡∏î‡∏ô‡∏∞‡∏Ñ‡∏∞ \U0001f979ü•≥üíñ ##evcar##evgirls##tellscore##TIA2023##THAILANDINFLUENCERAWARDS2023,1694867597,False,0,True,False,7279400887787752709,0,thuy,https://p3-sg.tiktokcdn.com/aweme/720x720/tos-alisg-v-2774/44bb033a00b445609e649d85e2ae9665.jpeg,60,7215467885760612353,False,https://sf16-ies-music-sg.tiktokcdn.com/obj/tos-alisg-ve-2774/oIQnurQLDCsdYeegkM4CKuVb23MZBXtX6QB8bv,universe (sped up),"['evcar', 'evgirls', 'tellscore', 'tia2023', 'thailandinfluencerawards2023']"
evgirls.th,‡∏£‡∏µ‡∏ß‡∏¥‡∏ß‡∏£‡∏ñ‡πÑ‡∏ü‡∏ü‡πâ‡∏≤ EV ‡∏â‡∏ö‡∏±‡∏ö‡πÄ‡∏Ç‡πâ‡∏≤‡πÉ‡∏à‡∏á‡πà‡∏≤‡∏¢‡πÜ,False,‡∏°‡∏≤‡∏î‡∏π‡∏†‡∏≤‡∏¢‡πÉ‡∏ô‡∏Ç‡∏≠‡∏á‡∏Ñ‡∏±‡∏ô‡∏ô‡∏µ‡πâ‡∏Å‡∏±‡∏ô! üöó‚ú® #‡∏£‡∏µ‡∏ß‡∏¥‡∏ß #aion #aionyplus #evcar #evgirls #‡∏£‡∏ñ‡∏¢‡∏ô‡∏ï‡πå‡πÑ‡∏ü‡∏ü‡πâ‡∏≤ ,1694694790,False,0,True,False,7278658693158161669,0,EV Girls,https://p16-sign-va.tiktokcdn.com/tos-maliva-avt-0068/45df6b464c24e66581a7ef35cb12334d~c5_1080x1080.jpeg?x-expires=1698066000&x-signature=HUx8eY75CgvSqK5ywuoykzHvLIk%3D,34,7278658731289332486,False,https://v16-webapp-prime.tiktok.com/video/tos/useast2a/tos-useast2a-v-27dcd7/ocQQUiysDeC8RAQQYJFnJQuuvmf62NlFUBkbBZ/?a=1988&ch=0&cr=0&dr=0&er=0&lr=default&cd=0%7C0%7C0%7C0&br=250&bt=125&bti=ODszNWYuMDE6&ft=t2PAl-Inz7T-QapZiyq8Z&mime_type=audio_mpeg&qs=6&rc=NmlmOWRoOTNkM2YzNTw3Z0BpM213Nzk6ZjdpbjMzNzU8M0AxMTBeLWJjX2MxYDReMmM0YSNfYmZzcjQwby5gLS1kMTZzcw%3D%3D&btag=e00088000&expire=1697898385&l=20231021132550CCB7897DC080536F203F&ply_type=3&policy=3&signature=6dfe8f9bbb76631612c954a8fa9e2690&tk=0,‡πÄ‡∏™‡∏µ‡∏¢‡∏á‡∏ï‡πâ‡∏ô‡∏â‡∏ö‡∏±‡∏ö - EV Girls,"['‡∏£‡∏µ‡∏ß‡∏¥‡∏ß', 'aion', 'aionyplus', 'evcar', 'evgirls', '‡∏£‡∏ñ‡∏¢‡∏ô‡∏ï‡πå‡πÑ‡∏ü‡∏ü‡πâ‡∏≤']"
evgirls.th,‡∏£‡∏µ‡∏ß‡∏¥‡∏ß‡∏£‡∏ñ‡πÑ‡∏ü‡∏ü‡πâ‡∏≤ EV ‡∏â‡∏ö‡∏±‡∏ö‡πÄ‡∏Ç‡πâ‡∏≤‡πÉ‡∏à‡∏á‡πà‡∏≤‡∏¢‡πÜ,False,‡πÑ‡∏°‡πà‡πÄ‡∏õ‡πá‡∏ô‡πÑ‡∏£‡πÄ‡∏£‡∏≤‡∏Ç‡∏±‡∏ö ‡πÅ‡∏Æ‡πà! üòÇ #‡∏£‡∏µ‡∏ß‡∏¥‡∏ß #pov #‡πÉ‡∏Ñ‡∏£‡πÄ‡∏õ‡πá‡∏ô‡∏ö‡πâ‡∏≤‡∏á #‡∏Ñ‡∏ô‡πÑ‡∏ó‡∏¢‡πÄ‡∏õ‡πá‡∏ô‡∏Ñ‡∏ô‡∏ï‡∏•‡∏Å #evgirls #evcar ,1694610157,False,0,True,False,7278295190996176134,0,EV Girls,https://p16-sign-va.tiktokcdn.com/tos-maliva-avt-0068/45df6b464c24e66581a7ef35cb12334d~c5_1080x1080.jpeg?x-expires=1698066000&x-signature=HUx8eY75CgvSqK5ywuoykzHvLIk%3D,6,7278295211220323077,False,https://v16-webapp-prime.tiktok.com/video/tos/useast2a/tos-useast2a-v-27dcd7/okNBwyQAbCIPwLY6BnJlfvBYsDBJ8UF1vbmMke/?a=1988&ch=0&cr=0&dr=0&er=0&lr=default&cd=0%7C0%7C0%7C0&br=250&bt=125&bti=ODszNWYuMDE6&ft=t2PAl-Inz7T-QapZiyq8Z&mime_type=audio_mpeg&qs=6&rc=PDo0Nzg3PGZoNmk4NTQ3NkBpM2xxeWk6ZnZ1bjMzNzU8M0A2LWNeMjBjNjAxNmE0X180YSNgX21fcjQwMi1gLS1kMTZzcw%3D%3D&btag=e00088000&expire=1697898357&l=20231021132550CCB7897DC080536F203F&ply_type=3&policy=3&signature=b00c25adec213e8ee88b1f75d6d32f6d&tk=0,‡πÄ‡∏™‡∏µ‡∏¢‡∏á‡∏ï‡πâ‡∏ô‡∏â‡∏ö‡∏±‡∏ö - EV Girls,"['‡∏£‡∏µ‡∏ß‡∏¥‡∏ß', 'pov', '‡πÉ‡∏Ñ‡∏£‡πÄ‡∏õ‡πá‡∏ô‡∏ö‡πâ‡∏≤‡∏á', '‡∏Ñ‡∏ô‡πÑ‡∏ó‡∏¢‡πÄ‡∏õ‡πá‡∏ô‡∏Ñ‡∏ô‡∏ï‡∏•‡∏Å', 'evgirls', 'evcar']"
evgirls.th,‡∏£‡∏µ‡∏ß‡∏¥‡∏ß‡∏£‡∏ñ‡πÑ‡∏ü‡∏ü‡πâ‡∏≤ EV ‡∏â‡∏ö‡∏±‡∏ö‡πÄ‡∏Ç‡πâ‡∏≤‡πÉ‡∏à‡∏á‡πà‡∏≤‡∏¢‡πÜ,False,‡πÄ‡∏ó‡∏µ‡∏¢‡∏ö‡∏™‡πÄ‡∏õ‡∏Ñ Tesla Model Y ‡∏Å‡∏±‡∏ö Volvo C40 #evgirls #evcar #‡∏£‡∏µ‡∏ß‡∏¥‡∏ß #‡∏£‡∏ñ‡∏¢‡∏ô‡∏ï‡πå‡πÑ‡∏ü‡∏ü‡πâ‡∏≤ #modely #volvoc40 ,1694521671,False,0,True,False,7277915144980598022,0,EV Girls,https://p16-sign-va.tiktokcdn.com/tos-maliva-avt-0068/45df6b464c24e66581a7ef35cb12334d~c5_1080x1080.jpeg?x-expires=1698066000&x-signature=HUx8eY75CgvSqK5ywuoykzHvLIk%3D,34,7277915235329723141,False,https://v16-webapp-prime.tiktok.com/video/tos/useast2a/tos-useast2a-v-27dcd7/oUFUDAIEfe2nCBJVVlBaJGQWlDIQbB0nMAWV9y/?a=1988&ch=0&cr=0&dr=0&er=0&lr=default&cd=0%7C0%7C0%7C0&br=250&bt=125&bti=ODszNWYuMDE6&ft=t2PAl-Inz7T-QapZiyq8Z&mime_type=audio_mpeg&qs=6&rc=PGVmO2kzOWhkNDo0NDU6N0Bpam5xajM6ZnA4bjMzNzU8M0AvM2M2Ni9gXzUxM2M1M2I0YSNnYW5zcjRnZi1gLS1kMTZzcw%3D%3D&btag=e00088000&expire=1697898385&l=20231021132550CCB7897DC080536F203F&ply_type=3&policy=3&signature=f42381f5b055e2ed051d01402fb88a7b&tk=0,‡πÄ‡∏™‡∏µ‡∏¢‡∏á‡∏ï‡πâ‡∏ô‡∏â‡∏ö‡∏±‡∏ö - EV Girls,"['evgirls', 'evcar', '‡∏£‡∏µ‡∏ß‡∏¥‡∏ß', '‡∏£‡∏ñ‡∏¢‡∏ô‡∏ï‡πå‡πÑ‡∏ü‡∏ü‡πâ‡∏≤', 'modely', 'volvoc40']"
evgirls.th,‡∏£‡∏µ‡∏ß‡∏¥‡∏ß‡∏£‡∏ñ‡πÑ‡∏ü‡∏ü‡πâ‡∏≤ EV ‡∏â‡∏ö‡∏±‡∏ö‡πÄ‡∏Ç‡πâ‡∏≤‡πÉ‡∏à‡∏á‡πà‡∏≤‡∏¢‡πÜ,False,‡πÉ‡∏ö‡∏Ç‡∏±‡∏ö‡∏Ç‡∏µ‡πà‡πÑ‡∏ó‡∏¢ ‡πÉ‡∏ä‡πâ‡∏õ‡∏£‡∏∞‡πÄ‡∏ó‡∏®‡πÑ‡∏´‡∏ô‡πÑ‡∏î‡πâ‡∏ö‡πâ‡∏≤‡∏á #evgirls #evcar #‡∏£‡∏µ‡∏ß‡∏¥‡∏ß #‡∏£‡∏ñ‡∏¢‡∏ô‡∏ï‡πå‡πÑ‡∏ü‡∏ü‡πâ‡∏≤ #‡πÉ‡∏ö‡∏Ç‡∏±‡∏ö‡∏Ç‡∏µ‡πà ,1694435312,False,0,True,False,7277544237577850117,0,EV Girls,https://p16-sign-va.tiktokcdn.com/tos-maliva-avt-0068/45df6b464c24e66581a7ef35cb12334d~c5_1080x1080.jpeg?x-expires=1698066000&x-signature=HUx8eY75CgvSqK5ywuoykzHvLIk%3D,6,7277544255316282117,False,https://v16-webapp-prime.tiktok.com/video/tos/useast2a/tos-useast2a-v-27dcd7/o4Z6HBvDPwveM81fSe5GIzMmlJ2EnlKgHeARhf/?a=1988&ch=0&cr=0&dr=0&er=0&lr=default&cd=0%7C0%7C0%7C0&br=250&bt=125&bti=ODszNWYuMDE6&ft=t2PAl-Inz7T-QapZiyq8Z&mime_type=audio_mpeg&qs=6&rc=ODo3NzU6ZTc5aDVoPDlpZ0Bpajx3OWg6ZnZqbTMzNzU8M0BeXzZeL181NmMxMi8uNC1jYSM2Y2VocjRvY3NgLS1kMTZzcw%3D%3D&btag=e00088000&expire=1697898357&l=20231021132550CCB7897DC080536F203F&ply_type=3&policy=3&signature=38cd972b07b8a28a41d6f96e6438aff5&tk=0,‡πÄ‡∏™‡∏µ‡∏¢‡∏á‡∏ï‡πâ‡∏ô‡∏â‡∏ö‡∏±‡∏ö - EV Girls,"['evgirls', 'evcar', '‡∏£‡∏µ‡∏ß‡∏¥‡∏ß', '‡∏£‡∏ñ‡∏¢‡∏ô‡∏ï‡πå‡πÑ‡∏ü‡∏ü‡πâ‡∏≤', '‡πÉ‡∏ö‡∏Ç‡∏±‡∏ö‡∏Ç‡∏µ‡πà']"
evgirls.th,‡∏£‡∏µ‡∏ß‡∏¥‡∏ß‡∏£‡∏ñ‡πÑ‡∏ü‡∏ü‡πâ‡∏≤ EV ‡∏â‡∏ö‡∏±‡∏ö‡πÄ‡∏Ç‡πâ‡∏≤‡πÉ‡∏à‡∏á‡πà‡∏≤‡∏¢‡πÜ,False,‡∏£‡∏∞‡∏¢‡∏∞‡∏ó‡∏≤‡∏á‡∏ó‡∏µ‡πà‡∏ß‡∏¥‡πà‡∏á‡πÑ‡∏î‡πâ ‡∏°‡∏≤‡∏ï‡∏£‡∏ê‡∏≤‡∏ô WLTP ‡∏Å‡∏±‡∏ö NEDC ‡∏ï‡πà‡∏≤‡∏á‡∏Å‡∏±‡∏ô‡∏¢‡∏±‡∏á‡πÑ‡∏á? #evgirls #evcar #‡∏£‡∏µ‡∏ß‡∏¥‡∏ß #‡∏£‡∏ñ‡∏¢‡∏ô‡∏ï‡πå‡πÑ‡∏ü‡∏ü‡πâ‡∏≤ #wltp #nedc ,1694320013,False,0,True,False,7277049029488577797,0,EV Girls,https://p16-sign-va.tiktokcdn.com/tos-maliva-avt-0068/45df6b464c24e66581a7ef35cb12334d~c5_1080x1080.jpeg?x-expires=1698066000&x-signature=HUx8eY75CgvSqK5ywuoykzHvLIk%3D,55,7277049119771855621,False,https://v16-webapp-prime.tiktok.com/video/tos/useast2a/tos-useast2a-v-27dcd7/oY9lhBCf7IBIjJNQgVUfWLMqOIRQzN1BJaSkC9/?a=1988&ch=0&cr=0&dr=0&er=0&lr=default&cd=0%7C0%7C0%7C0&br=250&bt=125&bti=ODszNWYuMDE6&ft=t2PAl-Inz7T-QapZiyq8Z&mime_type=audio_mpeg&qs=6&rc=ZzZmaTdpaDw5M2c3PDhpN0BpM3BxMzs6ZjtubTMzNzU8M0BfNGE0NDJhNTUxMV4xYzE2YSMxamtkcjQwX3JgLS1kMTZzcw%3D%3D&btag=e00088000&expire=1697898406&l=20231021132550CCB7897DC080536F203F&ply_type=3&policy=3&signature=b1989e67848d0e805c2373195c0317f5&tk=0,‡πÄ‡∏™‡∏µ‡∏¢‡∏á‡∏ï‡πâ‡∏ô‡∏â‡∏ö‡∏±‡∏ö - EV Girls,"['evgirls', 'evcar', '‡∏£‡∏µ‡∏ß‡∏¥‡∏ß', '‡∏£‡∏ñ‡∏¢‡∏ô‡∏ï‡πå‡πÑ‡∏ü‡∏ü‡πâ‡∏≤', 'wltp', 'nedc']"
